,Site,pKa,err,resname,resnum
0,Asp2,3.61,0.05,Asp,2
1,Glu13,4.21,0.06,Glu,13
2,Glu20,4.07,0.04,Glu,20
3,Glu28,4.2,0.06,Glu,28
4,Glu35,4.17,0.06,Glu,35
5,Glu46,4.21,0.06,Glu,46
6,His50,6.78,0.04,His,50
7,Glu57,4.2,0.05,Glu,57
8,Glu61,4.04,0.27,Glu,61
9,Glu83,4.35,0.05,Glu,83
10,Asp98,3.68,0.06,Asp,98
11,Glu104,4.39,0.13,Glu,104
12,Glu105,4.21,0.06,Glu,105
13,Glu110,4.5,0.09,Glu,110
14,Glu114,4.7,0.05,Glu,114
15,Asp115,4.15,0.05,Asp,115
16,Asp119,4.02,0.07,Asp,119
17,Asp121,4.62,0.06,Asp,121
18,Glu123,4.87,0.05,Glu,123
19,Glu126,4.89,0.06,Glu,126
20,Glu130,4.53,0.06,Glu,130
21,Glu131,4.58,0.05,Glu,131
22,Asp135,4.16,0.07,Asp,135
23,Glu137,4.82,0.16,Glu,137
24,Glu139,4.69,0.04,Glu,139
