{
  "geometry": {
    "length": [
      20.0,
      20.0,
      20.0
    ],
    "type": "cuboid"
  },
  "groups": [
    {
      "atomic": false,
      "cm": [
        -7.204699171008356,
        3.6496022653586744,
        5.7510579937397655
      ],
      "compressible": false,
      "id": 0,
      "size": 3
    },
    {
      "atomic": false,
      "capacity": 3,
      "cm": [
        5.242211770336743,
        0.8703443386660581,
        6.092223376807395
      ],
      "compressible": false,
      "id": 1,
      "size": 0
    }
  ],
  "particles": [
    {
      "Q": [
        0.0,
        0.0,
        0.0,
        0.0,
        0.0,
        0.0
      ],
      "id": 0,
      "mu": [
        -0.03671235515017718,
        -0.5848659196272179,
        0.8102987467836729
      ],
      "mulen": 0.0,
      "pos": [
        -7.250522557122947,
        3.810895494945248,
        5.754535929395103
      ],
      "q": -0.8476,
      "scdir": [
        -0.03671235515017718,
        -0.5848659196272179,
        0.8102987467836729
      ],
      "sclen": 0.0
    },
    {
      "Q": [
        0.0,
        0.0,
        0.0,
        0.0,
        0.0,
        0.0
      ],
      "id": 1,
      "mu": [
        -0.03671235515017718,
        -0.5848659196272179,
        0.8102987467836729
      ],
      "mulen": 0.0,
      "pos": [
        -6.977296256530853,
        2.8491692637175796,
        5.733798407061566
      ],
      "q": 0.4238,
      "scdir": [
        -0.03671235515017718,
        -0.5848659196272179,
        0.8102987467836729
      ],
      "sclen": 0.0
    },
    {
      "Q": [
        0.0,
        0.0,
        0.0,
        0.0,
        0.0,
        0.0
      ],
      "id": 1,
      "mu": [
        -0.03671235515017718,
        -0.5848659196272179,
        0.8102987467836729
      ],
      "mulen": 0.0,
      "pos": [
        -6.704069955937951,
        1.887443032488573,
        5.713060884729434
      ],
      "q": 0.4238,
      "scdir": [
        -0.03671235515017718,
        -0.5848659196272179,
        0.8102987467836729
      ],
      "sclen": 0.0
    },
    {
      "Q": [
        0.0,
        0.0,
        0.0,
        0.0,
        0.0,
        0.0
      ],
      "id": 0,
      "mu": [
        -0.5517706967647626,
        0.4037391971460849,
        0.729755958441783
      ],
      "mulen": 0.0,
      "pos": [
        5.422583511377294,
        0.8077482294826107,
        6.156846953471946
      ],
      "q": -0.8476,
      "scdir": [
        -0.5517706967647626,
        0.4037391971460849,
        0.729755958441783
      ],
      "sclen": 0.0
    },
    {
      "Q": [
        0.0,
        0.0,
        0.0,
        0.0,
        0.0,
        0.0
      ],
      "id": 1,
      "mu": [
        -0.5517706967647626,
        0.4037391971460849,
        0.729755958441783
      ],
      "mulen": 0.0,
      "pos": [
        4.085170793737392,
        1.2286912586507808,
        5.972092551914413
      ],
      "q": 0.4238,
      "scdir": [
        -0.5517706967647626,
        0.4037391971460849,
        0.729755958441783
      ],
      "sclen": 0.0
    },
    {
      "Q": [
        0.0,
        0.0,
        0.0,
        0.0,
        0.0,
        0.0
      ],
      "id": 1,
      "mu": [
        -0.5517706967647626,
        0.4037391971460849,
        0.729755958441783
      ],
      "mulen": 0.0,
      "pos": [
        3.533545214751043,
        1.5065109745970782,
        5.185628677321093
      ],
      "q": 0.4238,
      "scdir": [
        -0.5517706967647626,
        0.4037391971460849,
        0.729755958441783
      ],
      "sclen": 0.0
    }
  ],
  "reactionlist": [
    {
      "A = B": {
        "neutral": false,
        "pK": 0.30102999566398114,
        "pK'": 0.30102999566398114,
        "products": [
          "B"
        ],
        "reactants": [
          "A"
        ]
      }
    }
  ]
}