{
  "geometry": {
    "length": [
      500.0,
      500.0,
      500.0
    ],
    "type": "cuboid"
  },
  "groups": [
    {
      "atomic": false,
      "cm": [
        185.3568150209382,
        -154.77392382311376,
        61.60982671240707
      ],
      "compressible": false,
      "id": 0,
      "size": 36
    }
  ],
  "particles": [
    {
      "Q": [
        0.0,
        0.0,
        0.0,
        0.0,
        0.0,
        0.0
      ],
      "id": 0,
      "mu": [
        0.6576978776528166,
        -0.006147451621622231,
        0.7532567361594291
      ],
      "mulen": 0.0,
      "pos": [
        182.0470394482888,
        -141.83908225708444,
        74.95981027758798
      ],
      "q": 0.0,
      "scdir": [
        0.6576978776528166,
        -0.006147451621622231,
        0.7532567361594291
      ],
      "sclen": 0.0
    },
    {
      "Q": [
        0.0,
        0.0,
        0.0,
        0.0,
        0.0,
        0.0
      ],
      "id": 0,
      "mu": [
        -0.35808972580480086,
        -0.6555730837366002,
        -0.6648275567041612
      ],
      "mulen": 0.0,
      "pos": [
        184.01530531801038,
        -146.02115747753658,
        77.526645990124
      ],
      "q": 0.0,
      "scdir": [
        -0.35808972580480086,
        -0.6555730837366002,
        -0.6648275567041612
      ],
      "sclen": 0.0
    },
    {
      "Q": [
        0.0,
        0.0,
        0.0,
        0.0,
        0.0,
        0.0
      ],
      "id": 0,
      "mu": [
        0.16629555065541876,
        -0.2100463713054202,
        0.9634450226834874
      ],
      "mulen": 0.0,
      "pos": [
        181.936919508517,
        -145.47820197507306,
        73.20326706105196
      ],
      "q": 0.0,
      "scdir": [
        0.16629555065541876,
        -0.2100463713054202,
        0.9634450226834874
      ],
      "sclen": 0.0
    },
    {
      "Q": [
        0.0,
        0.0,
        0.0,
        0.0,
        0.0,
        0.0
      ],
      "id": 0,
      "mu": [
        -0.5472361362869058,
        0.04151953005579689,
        -0.8359478092355221
      ],
      "mulen": 0.0,
      "pos": [
        186.45668529008734,
        -146.9375562368648,
        73.14708831708677
      ],
      "q": 0.0,
      "scdir": [
        -0.5472361362869058,
        0.04151953005579689,
        -0.8359478092355221
      ],
      "sclen": 0.0
    },
    {
      "Q": [
        0.0,
        0.0,
        0.0,
        0.0,
        0.0,
        0.0
      ],
      "id": 0,
      "mu": [
        -0.745803553020572,
        -0.3921436093864129,
        0.5385168984528607
      ],
      "mulen": 0.0,
      "pos": [
        187.43157829276376,
        -145.69552692002128,
        68.05444304642937
      ],
      "q": 0.0,
      "scdir": [
        -0.745803553020572,
        -0.3921436093864129,
        0.5385168984528607
      ],
      "sclen": 0.0
    },
    {
      "Q": [
        0.0,
        0.0,
        0.0,
        0.0,
        0.0,
        0.0
      ],
      "id": 0,
      "mu": [
        -0.6964113183956344,
        -0.1614169223869289,
        0.6992537828124248
      ],
      "mulen": 0.0,
      "pos": [
        191.00923462677676,
        -149.37087404397772,
        67.17502830150411
      ],
      "q": 0.0,
      "scdir": [
        -0.6964113183956344,
        -0.1614169223869289,
        0.6992537828124248
      ],
      "sclen": 0.0
    },
    {
      "Q": [
        0.0,
        0.0,
        0.0,
        0.0,
        0.0,
        0.0
      ],
      "id": 0,
      "mu": [
        -0.08788673155001092,
        -0.5896805928018983,
        0.8028404081074758
      ],
      "mulen": 0.0,
      "pos": [
        192.1551539828294,
        -146.411471529228,
        62.949316717132575
      ],
      "q": 0.0,
      "scdir": [
        -0.08788673155001092,
        -0.5896805928018983,
        0.8028404081074758
      ],
      "sclen": 0.0
    },
    {
      "Q": [
        0.0,
        0.0,
        0.0,
        0.0,
        0.0,
        0.0
      ],
      "id": 0,
      "mu": [
        0.005118913371165954,
        -0.6812963109674212,
        0.7319898451401335
      ],
      "mulen": 0.0,
      "pos": [
        193.30254678369528,
        -151.20231059101218,
        64.17673183400424
      ],
      "q": 0.0,
      "scdir": [
        0.005118913371165954,
        -0.6812963109674212,
        0.7319898451401335
      ],
      "sclen": 0.0
    },
    {
      "Q": [
        0.0,
        0.0,
        0.0,
        0.0,
        0.0,
        0.0
      ],
      "id": 0,
      "mu": [
        -0.719505837102255,
        0.6889981366603891,
        0.08713735166028468
      ],
      "mulen": 0.0,
      "pos": [
        193.49427177597724,
        -155.52687567136272,
        61.767703161238174
      ],
      "q": 0.0,
      "scdir": [
        -0.719505837102255,
        0.6889981366603891,
        0.08713735166028468
      ],
      "sclen": 0.0
    },
    {
      "Q": [
        0.0,
        0.0,
        0.0,
        0.0,
        0.0,
        0.0
      ],
      "id": 0,
      "mu": [
        0.5483942083797383,
        0.8362147265749913,
        -0.002953519058922853
      ],
      "mulen": 0.0,
      "pos": [
        188.76735881133584,
        -156.06858806324124,
        60.05868407168678
      ],
      "q": 0.0,
      "scdir": [
        0.5483942083797383,
        0.8362147265749913,
        -0.002953519058922853
      ],
      "sclen": 0.0
    },
    {
      "Q": [
        0.0,
        0.0,
        0.0,
        0.0,
        0.0,
        0.0
      ],
      "id": 0,
      "mu": [
        -0.6015530090847755,
        -0.05321782025300335,
        0.7970582418295942
      ],
      "mulen": 0.0,
      "pos": [
        185.7135541619368,
        -153.74595112684446,
        56.875216834000895
      ],
      "q": 0.0,
      "scdir": [
        -0.6015530090847755,
        -0.05321782025300335,
        0.7970582418295942
      ],
      "sclen": 0.0
    },
    {
      "Q": [
        0.0,
        0.0,
        0.0,
        0.0,
        0.0,
        0.0
      ],
      "id": 0,
      "mu": [
        -0.7223369193988622,
        -0.516597935600327,
        0.4597346493435304
      ],
      "mulen": 0.0,
      "pos": [
        181.03819693312633,
        -155.2717803722463,
        56.9284479748073
      ],
      "q": 0.0,
      "scdir": [
        -0.7223369193988622,
        -0.516597935600327,
        0.4597346493435304
      ],
      "sclen": 0.0
    },
    {
      "Q": [
        0.0,
        0.0,
        0.0,
        0.0,
        0.0,
        0.0
      ],
      "id": 0,
      "mu": [
        0.777617884499962,
        0.628298755046877,
        0.023475521561641018
      ],
      "mulen": 0.0,
      "pos": [
        183.0464815968484,
        -160.08512905199922,
        56.48104299319505
      ],
      "q": 0.0,
      "scdir": [
        0.777617884499962,
        0.628298755046877,
        0.023475521561641018
      ],
      "sclen": 0.0
    },
    {
      "Q": [
        0.0,
        0.0,
        0.0,
        0.0,
        0.0,
        0.0
      ],
      "id": 0,
      "mu": [
        -0.06882464344167534,
        0.4213431279207568,
        0.9042859818714236
      ],
      "mulen": 0.0,
      "pos": [
        186.03642101513515,
        -156.59319451832008,
        54.28891885963412
      ],
      "q": 0.0,
      "scdir": [
        -0.06882464344167534,
        0.4213431279207568,
        0.9042859818714236
      ],
      "sclen": 0.0
    },
    {
      "Q": [
        0.0,
        0.0,
        0.0,
        0.0,
        0.0,
        0.0
      ],
      "id": 0,
      "mu": [
        -0.8820477902781019,
        0.4166107289918966,
        0.22006180076127216
      ],
      "mulen": 0.0,
      "pos": [
        183.6783585702786,
        -158.12411872119876,
        58.455332703317325
      ],
      "q": 0.0,
      "scdir": [
        -0.8820477902781019,
        0.4166107289918966,
        0.22006180076127216
      ],
      "sclen": 0.0
    },
    {
      "Q": [
        0.0,
        0.0,
        0.0,
        0.0,
        0.0,
        0.0
      ],
      "id": 0,
      "mu": [
        0.7568102557266345,
        -0.641330664945877,
        -0.12622683956846278
      ],
      "mulen": 0.0,
      "pos": [
        185.5599067526134,
        -154.29278749458962,
        56.28183787250116
      ],
      "q": 0.0,
      "scdir": [
        0.7568102557266345,
        -0.641330664945877,
        -0.12622683956846278
      ],
      "sclen": 0.0
    },
    {
      "Q": [
        0.0,
        0.0,
        0.0,
        0.0,
        0.0,
        0.0
      ],
      "id": 0,
      "mu": [
        -0.6496770721653246,
        0.6811670751502351,
        0.33753683892878283
      ],
      "mulen": 0.0,
      "pos": [
        181.0986314638233,
        -153.23413173790752,
        58.05640764404743
      ],
      "q": 0.0,
      "scdir": [
        -0.6496770721653246,
        0.6811670751502351,
        0.33753683892878283
      ],
      "sclen": 0.0
    },
    {
      "Q": [
        0.0,
        0.0,
        0.0,
        0.0,
        0.0,
        0.0
      ],
      "id": 0,
      "mu": [
        0.9007619379868286,
        -0.20441189524209621,
        0.3832019156498372
      ],
      "mulen": 0.0,
      "pos": [
        183.71336195163767,
        -149.44506621119072,
        55.96819622952049
      ],
      "q": 0.0,
      "scdir": [
        0.9007619379868286,
        -0.20441189524209621,
        0.3832019156498372
      ],
      "sclen": 0.0
    },
    {
      "Q": [
        0.0,
        0.0,
        0.0,
        0.0,
        0.0,
        0.0
      ],
      "id": 0,
      "mu": [
        -0.2267569274757819,
        -0.890153529105044,
        0.39523156562151585
      ],
      "mulen": 0.0,
      "pos": [
        187.370493067465,
        -152.60241976595395,
        57.468972925500516
      ],
      "q": 0.0,
      "scdir": [
        -0.2267569274757819,
        -0.890153529105044,
        0.39523156562151585
      ],
      "sclen": 0.0
    },
    {
      "Q": [
        0.0,
        0.0,
        0.0,
        0.0,
        0.0,
        0.0
      ],
      "id": 0,
      "mu": [
        0.8811742955961788,
        0.35381545804460013,
        -0.3136024273331398
      ],
      "mulen": 0.0,
      "pos": [
        185.3142597041735,
        -151.98427482305604,
        53.16615907351284
      ],
      "q": 0.0,
      "scdir": [
        0.8811742955961788,
        0.35381545804460013,
        -0.3136024273331398
      ],
      "sclen": 0.0
    },
    {
      "Q": [
        0.0,
        0.0,
        0.0,
        0.0,
        0.0,
        0.0
      ],
      "id": 0,
      "mu": [
        0.7925208863123053,
        -0.5876210540168177,
        -0.1631322826260664
      ],
      "mulen": 0.0,
      "pos": [
        184.59982351103415,
        -154.63828186056926,
        57.457359118459415
      ],
      "q": 0.0,
      "scdir": [
        0.7925208863123053,
        -0.5876210540168177,
        -0.1631322826260664
      ],
      "sclen": 0.0
    },
    {
      "Q": [
        0.0,
        0.0,
        0.0,
        0.0,
        0.0,
        0.0
      ],
      "id": 0,
      "mu": [
        -0.5515633191743686,
        -0.7337307757172423,
        -0.3967581803904274
      ],
      "mulen": 0.0,
      "pos": [
        181.1899166872734,
        -156.9485684464213,
        60.49225888665547
      ],
      "q": 0.0,
      "scdir": [
        -0.5515633191743686,
        -0.7337307757172423,
        -0.3967581803904274
      ],
      "sclen": 0.0
    },
    {
      "Q": [
        0.0,
        0.0,
        0.0,
        0.0,
        0.0,
        0.0
      ],
      "id": 0,
      "mu": [
        -0.1719333410339568,
        -0.2822459770365581,
        -0.9438093741257049
      ],
      "mulen": 0.0,
      "pos": [
        184.80357724694596,
        -155.60913755462875,
        63.49905158574491
      ],
      "q": 0.0,
      "scdir": [
        -0.1719333410339568,
        -0.2822459770365581,
        -0.9438093741257049
      ],
      "sclen": 0.0
    },
    {
      "Q": [
        0.0,
        0.0,
        0.0,
        0.0,
        0.0,
        0.0
      ],
      "id": 0,
      "mu": [
        -0.3224483779553986,
        0.4760403776849368,
        0.8181763882973816
      ],
      "mulen": 0.0,
      "pos": [
        180.0298507764736,
        -157.09170648808313,
        63.11056792068102
      ],
      "q": 0.0,
      "scdir": [
        -0.3224483779553986,
        0.4760403776849368,
        0.8181763882973816
      ],
      "sclen": 0.0
    },
    {
      "Q": [
        0.0,
        0.0,
        0.0,
        0.0,
        0.0,
        0.0
      ],
      "id": 0,
      "mu": [
        -0.18375330144756827,
        0.823426338719153,
        0.5368461501316723
      ],
      "mulen": 0.0,
      "pos": [
        180.06619184485524,
        -156.68368409317839,
        58.280126586593326
      ],
      "q": 0.0,
      "scdir": [
        -0.18375330144756827,
        0.823426338719153,
        0.5368461501316723
      ],
      "sclen": 0.0
    },
    {
      "Q": [
        0.0,
        0.0,
        0.0,
        0.0,
        0.0,
        0.0
      ],
      "id": 0,
      "mu": [
        0.31700367002160124,
        -0.7996838352944307,
        -0.5099161075722535
      ],
      "mulen": 0.0,
      "pos": [
        184.0262516465958,
        -159.52825277556695,
        59.225405009453034
      ],
      "q": 0.0,
      "scdir": [
        0.31700367002160124,
        -0.7996838352944307,
        -0.5099161075722535
      ],
      "sclen": 0.0
    },
    {
      "Q": [
        0.0,
        0.0,
        0.0,
        0.0,
        0.0,
        0.0
      ],
      "id": 0,
      "mu": [
        0.4959899193638629,
        -0.7948517591843881,
        -0.3495778608704209
      ],
      "mulen": 0.0,
      "pos": [
        186.74562161872672,
        -157.01956600453718,
        62.990509556232595
      ],
      "q": 0.0,
      "scdir": [
        0.4959899193638629,
        -0.7948517591843881,
        -0.3495778608704209
      ],
      "sclen": 0.0
    },
    {
      "Q": [
        0.0,
        0.0,
        0.0,
        0.0,
        0.0,
        0.0
      ],
      "id": 0,
      "mu": [
        0.5792140866338586,
        0.7314775819497304,
        -0.3597938144964791
      ],
      "mulen": 0.0,
      "pos": [
        188.2584422915853,
        -157.67471542173783,
        58.15076742869871
      ],
      "q": 0.0,
      "scdir": [
        0.5792140866338586,
        0.7314775819497304,
        -0.3597938144964791
      ],
      "sclen": 0.0
    },
    {
      "Q": [
        0.0,
        0.0,
        0.0,
        0.0,
        0.0,
        0.0
      ],
      "id": 0,
      "mu": [
        -0.5080628899887177,
        0.4160276472246229,
        -0.7541837286505054
      ],
      "mulen": 0.0,
      "pos": [
        184.44410840839518,
        -159.12066836941403,
        61.245098786304055
      ],
      "q": 0.0,
      "scdir": [
        -0.5080628899887177,
        0.4160276472246229,
        -0.7541837286505054
      ],
      "sclen": 0.0
    },
    {
      "Q": [
        0.0,
        0.0,
        0.0,
        0.0,
        0.0,
        0.0
      ],
      "id": 0,
      "mu": [
        0.7962888171002063,
        -0.141048802532486,
        0.5882425988187789
      ],
      "mulen": 0.0,
      "pos": [
        188.93254083625854,
        -160.20493548753632,
        62.63692075756569
      ],
      "q": 0.0,
      "scdir": [
        0.7962888171002063,
        -0.141048802532486,
        0.5882425988187789
      ],
      "sclen": 0.0
    },
    {
      "Q": [
        0.0,
        0.0,
        0.0,
        0.0,
        0.0,
        0.0
      ],
      "id": 0,
      "mu": [
        -0.610800960068185,
        -0.32507125067775994,
        0.7219770558422985
      ],
      "mulen": 0.0,
      "pos": [
        189.63967068295463,
        -163.56103284323342,
        58.78977488784337
      ],
      "q": 0.0,
      "scdir": [
        -0.610800960068185,
        -0.32507125067775994,
        0.7219770558422985
      ],
      "sclen": 0.0
    },
    {
      "Q": [
        0.0,
        0.0,
        0.0,
        0.0,
        0.0,
        0.0
      ],
      "id": 0,
      "mu": [
        -0.6906485428988434,
        -0.4044118426888909,
        0.5995462047956808
      ],
      "mulen": 0.0,
      "pos": [
        184.8826506495993,
        -165.1286135914472,
        60.084522898864236
      ],
      "q": 0.0,
      "scdir": [
        -0.6906485428988434,
        -0.4044118426888909,
        0.5995462047956808
      ],
      "sclen": 0.0
    },
    {
      "Q": [
        0.0,
        0.0,
        0.0,
        0.0,
        0.0,
        0.0
      ],
      "id": 0,
      "mu": [
        0.12323972049270941,
        0.9913246358963076,
        -0.04568848386522463
      ],
      "mulen": 0.0,
      "pos": [
        185.42389877939533,
        -160.16402000387603,
        60.62459382088711
      ],
      "q": 0.0,
      "scdir": [
        0.12323972049270941,
        0.9913246358963076,
        -0.04568848386522463
      ],
      "sclen": 0.0
    },
    {
      "Q": [
        0.0,
        0.0,
        0.0,
        0.0,
        0.0,
        0.0
      ],
      "id": 0,
      "mu": [
        0.23500572449183577,
        0.1670957494876298,
        -0.9575235349374704
      ],
      "mulen": 0.0,
      "pos": [
        181.31437207985454,
        -157.60293993903403,
        61.00888783871281
      ],
      "q": 0.0,
      "scdir": [
        0.23500572449183577,
        0.1670957494876298,
        -0.9575235349374704
      ],
      "sclen": 0.0
    },
    {
      "Q": [
        0.0,
        0.0,
        0.0,
        0.0,
        0.0,
        0.0
      ],
      "id": 0,
      "mu": [
        -0.4330975107355031,
        -0.8990254057313839,
        0.06465188353009982
      ],
      "mulen": 0.0,
      "pos": [
        185.08612215037098,
        -160.47724243796057,
        62.03839918218625
      ],
      "q": 0.0,
      "scdir": [
        -0.4330975107355031,
        -0.8990254057313839,
        0.06465188353009982
      ],
      "sclen": 0.0
    },
    {
      "Q": [
        0.0,
        0.0,
        0.0,
        0.0,
        0.0,
        0.0
      ],
      "id": 0,
      "mu": [
        0.39797450175013754,
        0.8086913198018336,
        0.43316814891443584
      ],
      "mulen": 0.0,
      "pos": [
        180.21654248813707,
        -160.47739372616195,
        61.33026549388934
      ],
      "q": 0.0,
      "scdir": [
        0.39797450175013754,
        0.8086913198018336,
        0.43316814891443584
      ],
      "sclen": 0.0
    }
  ],
  "reactionlist": []
}