{
  "geometry": {
    "radius": 52.112899405603855,
    "type": "sphere"
  },
  "groups": [
    {
      "atomic": true,
      "capacity": 32,
      "cm": [
        0.0,
        0.0,
        0.0
      ],
      "id": 0,
      "size": 32
    },
    {
      "atomic": false,
      "capacity": 4,
      "cm": [
        11.226741999848603,
        -34.12239489805639,
        -29.77568582458585
      ],
      "id": 1,
      "size": 4
    },
    {
      "atomic": false,
      "capacity": 4,
      "cm": [
        -1.4867521471116718,
        0.7762111954608446,
        22.496764004477736
      ],
      "id": 1,
      "size": 4
    },
    {
      "atomic": false,
      "capacity": 4,
      "cm": [
        -14.912883998773394,
        43.89206920393008,
        2.511443525200373
      ],
      "id": 1,
      "size": 4
    },
    {
      "atomic": false,
      "capacity": 4,
      "cm": [
        -13.705289974623337,
        -36.12875847689859,
        -7.366850508139097
      ],
      "id": 1,
      "size": 4
    },
    {
      "atomic": false,
      "capacity": 4,
      "cm": [
        -17.856527290802322,
        -14.602016687497567,
        14.201758424548117
      ],
      "id": 1,
      "size": 4
    },
    {
      "atomic": false,
      "capacity": 4,
      "cm": [
        12.466183342446438,
        18.76060788263244,
        4.639287989130623
      ],
      "id": 1,
      "size": 4
    },
    {
      "atomic": false,
      "capacity": 4,
      "cm": [
        19.270364881961775,
        -11.63563856285951,
        14.433180955834777
      ],
      "id": 1,
      "size": 4
    },
    {
      "atomic": false,
      "capacity": 4,
      "cm": [
        -22.998340395168743,
        9.219010519703092,
        -32.74144464543165
      ],
      "id": 1,
      "size": 4
    }
  ],
  "particles": [
    {
      "id": 0,
      "pos": [
        -14.35855108995361,
        -9.228733613368302,
        18.824909417555475
      ],
      "q": -1.0
    },
    {
      "id": 0,
      "pos": [
        -11.591642784669485,
        5.526018805237598,
        -8.82209205486466
      ],
      "q": -1.0
    },
    {
      "id": 0,
      "pos": [
        28.947017044631956,
        -10.886061845620233,
        2.5617145116145537
      ],
      "q": -1.0
    },
    {
      "id": 0,
      "pos": [
        6.314653274881124,
        12.137534380526805,
        11.812215980663954
      ],
      "q": -1.0
    },
    {
      "id": 0,
      "pos": [
        -16.068586782272547,
        -33.42869163319757,
        -14.543313280993585
      ],
      "q": -1.0
    },
    {
      "id": 0,
      "pos": [
        -11.099758220843373,
        39.062715080808495,
        -2.086920879434021
      ],
      "q": -1.0
    },
    {
      "id": 0,
      "pos": [
        7.108680219987825,
        5.994981946394942,
        17.749281013147595
      ],
      "q": -1.0
    },
    {
      "id": 0,
      "pos": [
        -25.408470995725622,
        0.4799392820296875,
        -22.318430539199383
      ],
      "q": -1.0
    },
    {
      "id": 0,
      "pos": [
        1.053267327559297,
        18.853573189140846,
        13.841563136377651
      ],
      "q": -1.0
    },
    {
      "id": 0,
      "pos": [
        31.083244555619906,
        41.79260300081637,
        -0.12209568818839145
      ],
      "q": -1.0
    },
    {
      "id": 0,
      "pos": [
        17.342616171134473,
        -39.25870671293841,
        -28.49149787340285
      ],
      "q": -1.0
    },
    {
      "id": 0,
      "pos": [
        -0.23087114304275502,
        -35.17949147233354,
        0.6061971859264048
      ],
      "q": -1.0
    },
    {
      "id": 0,
      "pos": [
        24.51224856512284,
        1.4740863436614173,
        19.017350341207223
      ],
      "q": -1.0
    },
    {
      "id": 0,
      "pos": [
        35.339152607491826,
        24.27127801989611,
        -3.2918966156243634
      ],
      "q": -1.0
    },
    {
      "id": 0,
      "pos": [
        -17.582725954501495,
        -3.4813389976306794,
        26.456028173498595
      ],
      "q": -1.0
    },
    {
      "id": 0,
      "pos": [
        16.330300384183236,
        15.400555445225407,
        -35.36124659330096
      ],
      "q": -1.0
    },
    {
      "id": 0,
      "pos": [
        -27.558469610772626,
        32.68909321478883,
        8.76106628637515
      ],
      "q": -1.0
    },
    {
      "id": 0,
      "pos": [
        10.547726451560354,
        1.737906284060701,
        24.766295239285974
      ],
      "q": -1.0
    },
    {
      "id": 0,
      "pos": [
        -20.404479747387594,
        -38.95472259912968,
        22.59840810289825
      ],
      "q": -1.0
    },
    {
      "id": 0,
      "pos": [
        -14.718762699905177,
        0.6198081246817173,
        -44.51236216140149
      ],
      "q": -1.0
    },
    {
      "id": 0,
      "pos": [
        4.744267287528749,
        -23.480013280849136,
        5.053535187981282
      ],
      "q": -1.0
    },
    {
      "id": 0,
      "pos": [
        45.12558373560877,
        7.580830309839213,
        21.361223529610506
      ],
      "q": -1.0
    },
    {
      "id": 0,
      "pos": [
        -8.86238678278784,
        -3.364226588370097,
        20.901248427011616
      ],
      "q": -1.0
    },
    {
      "id": 0,
      "pos": [
        -16.293899050408882,
        40.091395294338426,
        23.28170874766414
      ],
      "q": -1.0
    },
    {
      "id": 0,
      "pos": [
        7.2523990509208,
        -26.460632259481272,
        10.106994056752098
      ],
      "q": -1.0
    },
    {
      "id": 0,
      "pos": [
        -8.938158554729299,
        21.93218476564538,
        35.99461374809232
      ],
      "q": -1.0
    },
    {
      "id": 0,
      "pos": [
        -13.943986243794157,
        6.6613440593832,
        40.23836427611184
      ],
      "q": -1.0
    },
    {
      "id": 0,
      "pos": [
        16.009308784458547,
        -33.55864881698662,
        -16.87508013040864
      ],
      "q": -1.0
    },
    {
      "id": 0,
      "pos": [
        -3.0708819194467694,
        30.49152141015736,
        -8.490793326717952
      ],
      "q": -1.0
    },
    {
      "id": 0,
      "pos": [
        -16.318411259829244,
        -24.62083248944822,
        -6.767193821740875
      ],
      "q": -1.0
    },
    {
      "id": 0,
      "pos": [
        -35.1122363148324,
        1.6016849923435128,
        -32.50170495363313
      ],
      "q": -1.0
    },
    {
      "id": 0,
      "pos": [
        27.249760913456665,
        -39.649058110028065,
        -10.970676589462839
      ],
      "q": -1.0
    },
    {
      "id": 1,
      "pos": [
        8.215212945744874,
        -37.1450508700038,
        -31.771317510140168
      ],
      "q": 1.0
    },
    {
      "id": 1,
      "pos": [
        9.975563438841105,
        -38.72051252743253,
        -25.933056017662267
      ],
      "q": 1.0
    },
    {
      "id": 1,
      "pos": [
        12.862496351590002,
        -32.57934793372392,
        -28.180751733277816
      ],
      "q": 1.0
    },
    {
      "id": 1,
      "pos": [
        13.853695263218423,
        -28.044668261065304,
        -33.217618037263144
      ],
      "q": 1.0
    },
    {
      "id": 1,
      "pos": [
        -0.5275321964560448,
        7.509096085010066,
        12.179136377311803
      ],
      "q": 1.0
    },
    {
      "id": 1,
      "pos": [
        -2.4876684779542555,
        3.089034058208832,
        20.432072832121722
      ],
      "q": 1.0
    },
    {
      "id": 1,
      "pos": [
        -3.7118668608290486,
        -1.4679729740598146,
        24.248438917551585
      ],
      "q": 1.0
    },
    {
      "id": 1,
      "pos": [
        0.7800589467926614,
        -6.025312387315705,
        33.12740789092584
      ],
      "q": 1.0
    },
    {
      "id": 1,
      "pos": [
        -13.921495829289857,
        49.18901306676181,
        3.8865553669630493
      ],
      "q": 1.0
    },
    {
      "id": 1,
      "pos": [
        -9.187839057975767,
        45.0218278199096,
        -0.42087302284740236
      ],
      "q": 1.0
    },
    {
      "id": 1,
      "pos": [
        -15.810268095213901,
        40.594679265031466,
        1.346849589445144
      ],
      "q": 1.0
    },
    {
      "id": 1,
      "pos": [
        -20.73193301261405,
        40.76275666401744,
        5.233242167240701
      ],
      "q": 1.0
    },
    {
      "id": 1,
      "pos": [
        -21.20256694187206,
        -41.60206759476565,
        -10.234655023441976
      ],
      "q": 1.0
    },
    {
      "id": 1,
      "pos": [
        -18.61069011831301,
        -35.952175775353226,
        -5.85298108876632
      ],
      "q": 1.0
    },
    {
      "id": 1,
      "pos": [
        -8.479755092791054,
        -35.71971588129239,
        -9.084762428351436
      ],
      "q": 1.0
    },
    {
      "id": 1,
      "pos": [
        -6.528147745517227,
        -31.24107465618309,
        -4.29500349199666
      ],
      "q": 1.0
    },
    {
      "id": 1,
      "pos": [
        -19.673978257076886,
        -8.180652718278019,
        14.886375717494207
      ],
      "q": 1.0
    },
    {
      "id": 1,
      "pos": [
        -20.007240891044745,
        -13.099591950052224,
        10.353527914305763
      ],
      "q": 1.0
    },
    {
      "id": 1,
      "pos": [
        -18.094273399947514,
        -20.611907770922578,
        13.984643332791665
      ],
      "q": 1.0
    },
    {
      "id": 1,
      "pos": [
        -13.650616615140152,
        -16.515914310737447,
        17.58248673360084
      ],
      "q": 1.0
    },
    {
      "id": 1,
      "pos": [
        18.381181919420634,
        12.51451416304316,
        1.0292998852332547
      ],
      "q": 1.0
    },
    {
      "id": 1,
      "pos": [
        14.990359760700155,
        20.12941344523436,
        1.4193419175325928
      ],
      "q": 1.0
    },
    {
      "id": 1,
      "pos": [
        11.535894998750726,
        22.480829582250863,
        7.481125803204115
      ],
      "q": 1.0
    },
    {
      "id": 1,
      "pos": [
        4.957296690914248,
        19.917674340001373,
        8.627384350552527
      ],
      "q": 1.0
    },
    {
      "id": 1,
      "pos": [
        17.562199719392133,
        -22.12247815360141,
        12.540513244010093
      ],
      "q": 1.0
    },
    {
      "id": 1,
      "pos": [
        20.157505381760313,
        -16.213974694577615,
        15.101582210668523
      ],
      "q": 1.0
    },
    {
      "id": 1,
      "pos": [
        19.26662006704155,
        -7.421356534960283,
        18.213433711955037
      ],
      "q": 1.0
    },
    {
      "id": 1,
      "pos": [
        20.09513435965311,
        -0.7847448682987319,
        11.877194656705452
      ],
      "q": 1.0
    },
    {
      "id": 1,
      "pos": [
        -17.109876936687773,
        5.096298477809733,
        -24.116749527722593
      ],
      "q": 1.0
    },
    {
      "id": 1,
      "pos": [
        -20.8498700970414,
        9.218618385716448,
        -29.981261870531753
      ],
      "q": 1.0
    },
    {
      "id": 1,
      "pos": [
        -24.398294947913428,
        11.140400496688917,
        -35.66193788400683
      ],
      "q": 1.0
    },
    {
      "id": 1,
      "pos": [
        -29.63531959903237,
        11.42072471859727,
        -41.2058292994654
      ],
      "q": 1.0
    }
  ],
  "random-global": {
    "seed": "4097372313 181832305 4081462389 384699282 1092995022 2973254523 2997921334 2840992597 2095099788 1313302140 2842578491 2283100791 2488723619 2282306162 1502919673 392869380 4243263101 4241150395 4278965776 1990105074 273942133 1243838283 1343803887 2887419745 586660507 273776394 291984368 3042056418 3993926814 1501161796 934341492 832243889 697694763 3606355451 147866538 2022286302 327553217 3679691519 1675613910 3951758029 303165080 2646118550 850482618 766534344 988424891 3737310109 2645414988 1452954871 3140675778 2138216912 2268324739 3932719164 1422794211 4111768214 747174972 2910818316 2995881293 1172822094 362846262 3154112551 3834478778 1040661928 832958796 363679784 1083086893 1601387955 3728135313 3188388000 3998894502 922280651 1834340991 1055098548 3668544078 2844964967 519991584 3304614492 3638620212 3375819016 3780182858 3561421701 189118994 797399547 2150398559 1984854984 4254188201 235147731 2840450710 1874779862 114501109 4012910120 2742821498 3722442599 3476252231 3327993683 2545247199 54271323 3347539476 2009172527 966341162 71776646 2689347515 2752164609 3187361932 4235718960 2170063299 250115907 162110790 399184563 580957449 1720005214 407539795 2156553340 2654277236 2761653487 2885085475 2955086234 2869306577 1944955588 3838330846 3019173117 2505266778 1777680013 1069815410 2592354708 2764417884 76382980 1852501124 3990810709 4083389866 749228573 1476616093 3824775054 3041090197 418950800 229287588 1628898139 3082260799 2165244753 3439137696 3285603618 2907792586 591197347 346991211 340132660 151279623 1157651796 1982372043 2862322096 2799674490 4283303391 533330352 1811170239 3278256952 2406970788 3895267131 14529585 2292389018 3287903416 1900861920 3072735106 34493704 2278219795 3991853569 2154029774 3440493504 2927716888 1117469499 4132257749 2893336627 4059837299 2688397415 3997648435 580942785 2729642027 4167949378 959303300 1117172688 1514226243 650175180 1335799047 3654346609 1852691297 433767809 3478371415 2996830689 1470485473 3759356424 119997382 1585197793 1642592064 3956537479 3182568767 1654482584 3090694141 1825751582 3729634468 3541533589 1863561853 1602857706 2791375513 3306353722 2176220868 490833976 3450930521 3387488970 837706207 817563115 271659034 583313322 1454732842 2948319553 2754329842 3175820832 813122390 162420872 2491017006 3963736872 1907435368 1377512236 123227543 3302445156 2670937830 750842653 1433148722 3443217336 3544697828 3009512492 2581640739 861440927 2866985348 3000451056 2434612501 3603340769 1307550719 824257004 46573684 2968414765 1073919511 729919544 1381493839 169740862 3905503528 2662941091 1143323476 3914366175 3886929895 343249532 2298685249 2195420919 2215120781 3625226524 2317354187 3716099181 3457320310 3447800563 2768686434 1519228478 2210200581 78502215 2100703795 3042642016 2587988450 399712390 3414839945 39124539 55972172 1440400750 2145950737 1216237460 1725869654 3997247110 3233885681 1455933226 70438683 3407633364 1982677775 936968309 2050325600 1484581104 3326054765 1739405141 2854102736 4257069348 145267260 2858228545 1053480592 2145870198 2109265718 4058010515 643875637 602546270 252211095 3265015817 3316068712 834959302 3773567320 3136892509 3427351225 1743419610 998593542 1407892185 913253252 3787243092 443495066 1827671824 1201282171 1877049802 3836659582 2983246508 151628455 3337931337 2676456783 877938581 1342144148 2722409852 4049698814 436448770 3038641419 3280499600 3284412587 163067805 1404208089 3340509095 1350993992 3364227012 1491364244 3616745079 991195928 4139576389 4221445647 3066357465 2778627907 883484468 54734994 791746321 517158250 271834699 1343419664 1886481435 651122363 4202223792 2695266968 2476913271 2220991560 1860840150 1517409947 107985065 169230798 572813467 4012699676 2950118545 2371646305 3411596197 2089330385 247428697 1660947424 4178896284 2355976971 1776996816 748477271 1297877284 2177477812 2348601045 2587008727 2898986127 2580717362 339283374 1707233973 3712693857 2901532309 71890459 3011500102 873765409 1208915501 1667456053 592620640 1815943626 1773582551 4159026441 3958148022 1870008061 680137338 950631478 2610304686 1774319664 4100597551 1191246690 1383024031 4176101660 3230152256 1167668196 24120773 1061974553 3747968968 3205886947 4270298238 2739487368 1250147352 1512965078 2359599466 811682485 2760893556 2634547059 2538297157 2146085057 3980828070 2886387832 858347724 26481057 1126217787 1374517203 4169472033 1797739743 3813923162 3252499358 268615099 800461618 1646917182 3001082382 2014101946 2332637971 1710619673 3368688010 2669969739 4010850539 180100367 59550598 2290688723 1173228341 1511447443 2708689466 2062447147 2459672980 131658710 3508627318 1563975538 2359341669 2055171363 3950162158 2449730322 1745937114 1637473207 3820434401 969893590 2282016640 2465126640 2559535023 94706587 1377006975 2194008798 673436012 3036558540 2616740397 1631009674 1806007031 1002768611 3118752973 503080825 70279665 2485892229 1283084021 1627387980 404072580 2230184884 2528145015 2697803153 3739808697 2917911669 1257178835 2679863400 4064331064 2989074748 2085136217 1504375539 2455746137 614110819 3806362592 3213268778 3649756789 2675556844 2293497624 2908549126 308566238 2108026508 990966980 1301116160 4023659633 2451514925 1645640224 4275917209 2441632066 3366265259 4132595205 1951839689 224758241 2532331734 2559393793 2565029714 2382875736 453046541 3710987313 47202735 762072539 570887307 1810771799 302262692 3267096500 4276399663 749656620 290933367 636231295 3033692345 2843973519 1358197823 3130723982 3386456813 283409305 4227021050 4020826323 2969659054 493917371 3627836853 1840869740 1006413763 1926249552 277453896 650733474 2632357123 4014217661 1889141306 1815725982 3444101833 3698975837 919940942 2417082578 3394442955 2979299818 390064340 478429332 840954102 2502750826 814144710 137683698 3740668754 3630094799 1265870020 2350358279 2575730460 3774386832 1626715264 555627689 975207277 2930927030 2447136398 1435108695 3209398199 2579006840 3971732606 2469559082 654256015 1177578548 2609404320 799609331 1596083299 1437998654 3490801114 370191903 856784908 3868590050 2347339040 1253698687 1286090730 1678830383 2417232392 1411576489 3780946835 3688053910 930641073 3376541565 3783136866 3371064379 251931608 2298349750 677758090 2336279750 3451674993 1581595213 1557897748 2029801594 3290232904 4261256856 2065817419 3724230256 2577814585 2893811794 678961725 2555606614 2703573372 4264161227 538934312 4276182410 1117117955 97047867 3133426967 1644262733 720839588 1678639977 418791693 3110710483 2343667773 224303243 3624379478 1418464866 2397622342 1406847200 1732699752 3334225854 4076392331 3655345334 624694771 595462560 4137106480 2808133189 6130203 220"
  },
  "random-move": {
    "seed": "193564594 3845133259 3732343534 3835508818 2403023076 4203790575 457839317 1042760988 4029498525 2723159460 2869497933 3731158295 2623021612 1813450431 352612706 3934131204 1238663124 3543455248 1330372196 1597606881 2473970216 1366830776 2708172906 2487727232 3631477005 3940550907 2605790411 3634690829 1989813876 206917630 613825480 1214557360 1034506036 1957349763 849750607 3545489382 933952388 3497700213 983320828 183533825 4179927917 1781566561 2616612623 4152031923 755867862 2847057319 4134743393 3704383397 4057524735 2024122641 2272977032 1361040167 2478313377 3666977803 2212872845 3678384205 3405194215 1981763543 2698734087 2032808553 1791899979 3829277109 1034534366 1391336910 3522969558 3553142855 2521743011 2395784009 1797532739 2302224586 1047814739 3107345024 3640288844 1686976955 3424659329 834737912 773672619 3481302477 1425714459 3561037588 2532210316 2115032083 2041448161 2209858693 1763055899 3900430578 1629963822 648710157 2003472764 931412392 1835264335 2227671706 2536299261 3174205662 674319041 3098010543 2640441112 3425938503 87657927 4191879160 942849878 3941920218 4033601539 604808310 968120710 3476536382 1563293234 2925087635 923474148 556889327 4259694143 3729590378 3658711705 3361659070 177973406 2533241866 1721616807 2012465674 1831452613 2241910311 1770380490 2890240019 809513498 2109980572 3427460685 3948510471 1435534118 1810528303 3650965501 1876554993 1177318831 692215285 4160512734 1294744528 2459214542 2180225302 990722947 599853810 1985723303 151438949 852344073 2974807027 3572846194 3138112100 1310939623 2063839699 192105428 3936527067 3105299417 2294757320 1799872549 1201987462 464921968 3190620101 2143140064 796480006 2391674006 2387193733 60106405 1599225470 3599360350 2279888879 3926386934 3142288840 3763357058 2803319547 3531082075 486298095 1301887818 2325685330 2379422181 394098386 670902931 313508947 3152959636 1110015985 2725004885 2689869413 1372217248 2628370093 4044313419 697942631 1740922144 2103660416 3193368010 211852212 1485196331 2329100196 335552212 3541325463 1161727098 262547949 3037267910 3003169981 4016056892 64184636 3177505125 4098814014 129894530 3355415229 220739639 721128476 1404491692 3332267666 3401303146 767924199 1437856723 2854692257 1416212965 3954732703 1569700162 2700354130 3585545688 3056402550 1383289382 2779168862 2959350880 3154756944 1589370993 919730135 2540648621 662338980 2787824877 2780829677 2734515702 2436240814 99738742 1641459427 1836176274 1350422141 2750261696 1116632900 1357463280 101120974 3678804227 732080634 4017147116 217449658 2125631181 4141066308 312937236 148848928 1901723080 4094760819 103993516 3630720623 2957933750 46993069 2767281654 480861249 316721756 4128620251 847468831 3460885065 850524782 727747919 2964144473 3934754208 36626610 3243653486 4183693657 3992149055 1709650683 2795707587 774935439 3275365460 1362303330 80499557 2520004758 1913302426 2334538040 3171837728 2351045265 4163641266 3253473528 3144242549 3729690295 3274530461 470071980 4018164216 2622447995 1776799176 236026608 3448671887 2547654926 4089293217 448921339 3193440120 1347410281 1264948283 2626970546 1222584500 2914100653 3988420797 1978555769 2018336018 3111330033 3655814083 1055834980 1632682194 4059149225 3876420262 129800582 3467109437 1243506121 806591895 3774710494 3397962621 3856106207 3789747940 2929096394 2551147185 4005818998 1451382964 1693335395 667801052 2780224061 3197031437 2636556657 3562335459 401093158 1495914320 3121449233 3277688520 3189699997 340339087 1367155793 147253548 1931295734 3943319113 2840107345 488866237 3458869473 2313148278 2292881293 603090146 3205132815 2210727546 776816281 3337414144 1354228359 986873162 187966328 2320462931 3150734258 3871088373 2712927547 2016355632 1043656754 1385373136 3196138436 688567406 1433236681 2267528313 4090736918 2679421459 3101864000 3836631172 3450955818 4156147497 1225030551 3171185917 2530243981 2446624569 3884728270 598761747 3809341467 3302822748 502259853 802815202 2611963424 2153175470 3263295822 1573988113 110956016 2166065095 4033367125 1080654254 2055866717 2937343449 2809365270 1153648922 4272570238 3958422277 3388613582 2159592744 2091372093 2052914528 750029203 996420482 3028597255 3200980651 916424394 2399841041 3774186639 1225233652 1309500464 3102812449 3279100270 3720761285 3856313477 3571169937 3880082692 3562977090 3553789967 1770836 655833895 1441526525 2133655914 1882596974 1800515587 2176070057 2597373293 2384493417 3332346764 3785439133 2620893060 1505931155 430956137 4164317894 3921124176 1368031395 2419653378 3555264149 3250514832 184925448 1768890143 4069392125 1847551899 1466667997 2842293194 557759866 3750641817 1174574202 4271620523 3351165655 1856907323 920819619 3077447718 2470958716 1908757339 3291053730 2456360924 3319021278 785780803 2646722280 1785573912 4176540259 2583315898 140603248 1845292355 3450871998 3656380506 1031883201 178772417 520343106 2077356200 2907163897 4237597118 2735595315 1644985008 266809468 3193620117 3355731527 1379204795 2099462808 932111043 2927663729 4011091610 1774385234 4085699933 4024952721 659050596 1005209105 1307338610 1761655445 2007851646 502690470 1322585135 2095501491 2573568229 1356334296 1822765341 260727097 566412280 1519034049 555088882 2351236654 3024921138 2375996636 3971883137 2470498655 4230538935 2727780222 3071992409 502562411 4217922361 517405055 1110332255 3898419688 2043982033 1247225727 3186141445 2638825352 3491295652 3700501861 1331749262 2003931237 602633637 3266882963 4202616291 3633137851 2775277382 1222081824 2876924702 2061173702 2219463669 3996164084 3575166602 1519184453 4099476463 933078382 815965692 1076838306 2253078163 3666991345 1718823076 2571443330 772277657 1233490096 3302043613 4106624028 1706837549 984513706 397259041 615027281 3406636649 2701140686 4145213763 3867249077 1521647102 3018997130 3323864226 2314883504 2278944672 1063429501 492272344 2878729457 4075495449 3337892842 4276371271 2108408806 117019508 3244475969 1207503908 3932612082 1180224926 275629853 1815868509 452992700 2402416417 3424147845 580219062 2940762147 3399610236 2963467247 3298327121 2550268423 2845378558 2516877246 312778661 3899391532 3448580062 1917383440 4256863284 99174378 2390983386 4624380 3289564059 3225242056 1320583991 2675259539 4248319261 215989652 1650002147 2470298465 2794523601 3604359003 1871015349 1974784348 2023970391 665326895 531658227 3228917272 872633668 1963799135 2613867942 1253008108 2330728433 2693969528 2024589485 2845172613 3108372890 713181270 68748441 1973784000 3582680277 24629103 542258985 631717124 483019287 447236961 3606662794 2368315642 2423131212 3668640609 3536424406 1834754026 3074929164 2005103775 2178002749 1145888726 1993026645 197764073 400"
  },
  "reactionlist": []
}