{
  "geometry": {
    "length": [
      60.0,
      60.0,
      60.0
    ],
    "type": "cuboid"
  },
  "groups": [
    {
      "atomic": false,
      "capacity": 1,
      "cm": [
        22.68728328707885,
        -10.564789732837014,
        19.538628031353774
      ],
      "compressible": false,
      "id": 0,
      "size": 0
    },
    {
      "atomic": false,
      "capacity": 1,
      "cm": [
        13.89735156502097,
        20.20689899598408,
        26.91948726533249
      ],
      "compressible": false,
      "id": 0,
      "size": 0
    },
    {
      "atomic": false,
      "cm": [
        21.266001760727637,
        21.663135119598167,
        1.3093393199962406
      ],
      "compressible": false,
      "id": 0,
      "size": 1
    },
    {
      "atomic": false,
      "cm": [
        -24.67597980016673,
        -22.509866034528024,
        16.57379205688649
      ],
      "compressible": false,
      "id": 0,
      "size": 1
    },
    {
      "atomic": false,
      "capacity": 1,
      "cm": [
        -20.887744162321713,
        23.584935295490617,
        26.741537329130992
      ],
      "compressible": false,
      "id": 0,
      "size": 0
    },
    {
      "atomic": false,
      "cm": [
        -27.967255607549063,
        -9.175979600373704,
        -27.10749235221112
      ],
      "compressible": false,
      "id": 0,
      "size": 1
    },
    {
      "atomic": false,
      "capacity": 1,
      "cm": [
        -15.091173339861104,
        -24.84847917863454,
        23.571861559030403
      ],
      "compressible": false,
      "id": 0,
      "size": 0
    },
    {
      "atomic": false,
      "capacity": 1,
      "cm": [
        21.1432655656496,
        -19.80948174100169,
        18.28531440023363
      ],
      "compressible": false,
      "id": 0,
      "size": 0
    },
    {
      "atomic": false,
      "capacity": 1,
      "cm": [
        -20.47425323330996,
        18.499481865311594,
        -6.829431644334946
      ],
      "compressible": false,
      "id": 0,
      "size": 0
    },
    {
      "atomic": false,
      "capacity": 1,
      "cm": [
        21.834618767185006,
        27.58165857910262,
        25.005163740635595
      ],
      "compressible": false,
      "id": 0,
      "size": 0
    },
    {
      "atomic": false,
      "capacity": 1,
      "cm": [
        -17.303479003145643,
        -13.3666534380796,
        -12.220671904664947
      ],
      "compressible": false,
      "id": 0,
      "size": 0
    },
    {
      "atomic": false,
      "capacity": 1,
      "cm": [
        -22.90270763319382,
        -1.1270920023452042,
        -29.749153473676365
      ],
      "compressible": false,
      "id": 0,
      "size": 0
    },
    {
      "atomic": false,
      "capacity": 1,
      "cm": [
        18.240622952187493,
        -6.339664091474347,
        8.550677601191474
      ],
      "compressible": false,
      "id": 0,
      "size": 0
    },
    {
      "atomic": false,
      "cm": [
        13.72726832381985,
        -10.739850231846248,
        -4.124493941765877
      ],
      "compressible": false,
      "id": 0,
      "size": 1
    },
    {
      "atomic": false,
      "capacity": 1,
      "cm": [
        22.659490046540814,
        -15.361432863123254,
        28.105296406542855
      ],
      "compressible": false,
      "id": 0,
      "size": 0
    },
    {
      "atomic": false,
      "capacity": 1,
      "cm": [
        -12.801663721840873,
        3.714674964975792,
        -14.18075034452021
      ],
      "compressible": false,
      "id": 0,
      "size": 0
    },
    {
      "atomic": false,
      "capacity": 1,
      "cm": [
        10.492190789362326,
        18.556392298080773,
        -1.659360605241286
      ],
      "compressible": false,
      "id": 0,
      "size": 0
    },
    {
      "atomic": false,
      "capacity": 1,
      "cm": [
        -15.373058589436983,
        -7.770362808119366,
        -17.966317812736555
      ],
      "compressible": false,
      "id": 0,
      "size": 0
    },
    {
      "atomic": false,
      "capacity": 1,
      "cm": [
        -10.528040577536437,
        -29.01674178952603,
        -15.247843590560729
      ],
      "compressible": false,
      "id": 0,
      "size": 0
    },
    {
      "atomic": false,
      "capacity": 1,
      "cm": [
        3.69004513223884,
        12.141453424438502,
        23.19593954244148
      ],
      "compressible": false,
      "id": 0,
      "size": 0
    },
    {
      "atomic": false,
      "capacity": 1,
      "cm": [
        -0.19179565889889005,
        -21.987417130349,
        -24.161801048402708
      ],
      "compressible": false,
      "id": 0,
      "size": 0
    },
    {
      "atomic": false,
      "capacity": 1,
      "cm": [
        21.01841259131583,
        15.993717270863286,
        5.957332391263108
      ],
      "compressible": false,
      "id": 0,
      "size": 0
    },
    {
      "atomic": false,
      "cm": [
        -21.9397512721074,
        20.481185764403858,
        11.805371405131815
      ],
      "compressible": false,
      "id": 0,
      "size": 1
    },
    {
      "atomic": false,
      "capacity": 1,
      "cm": [
        21.718500006957363,
        3.848443979525399,
        -29.021220283096557
      ],
      "compressible": false,
      "id": 0,
      "size": 0
    },
    {
      "atomic": false,
      "capacity": 1,
      "cm": [
        6.428272530943394,
        11.511887814135022,
        11.085426198076338
      ],
      "compressible": false,
      "id": 0,
      "size": 0
    },
    {
      "atomic": false,
      "cm": [
        -5.488837599767706,
        23.14747062656007,
        11.563120148804463
      ],
      "compressible": false,
      "id": 0,
      "size": 1
    },
    {
      "atomic": false,
      "capacity": 1,
      "cm": [
        26.71556499092526,
        13.90781712673369,
        29.849926040565002
      ],
      "compressible": false,
      "id": 0,
      "size": 0
    },
    {
      "atomic": false,
      "capacity": 1,
      "cm": [
        4.327134698251475,
        -8.134716863223208,
        -26.327847176969172
      ],
      "compressible": false,
      "id": 0,
      "size": 0
    },
    {
      "atomic": false,
      "capacity": 1,
      "cm": [
        15.018532420388507,
        -10.13536375761689,
        -22.582707606857785
      ],
      "compressible": false,
      "id": 0,
      "size": 0
    },
    {
      "atomic": false,
      "capacity": 1,
      "cm": [
        -2.0740831477139743,
        -6.563539732587028,
        -1.2275480018245126
      ],
      "compressible": false,
      "id": 0,
      "size": 0
    },
    {
      "atomic": false,
      "capacity": 1,
      "cm": [
        17.130841816824116,
        10.230666693122679,
        -11.409792287088209
      ],
      "compressible": false,
      "id": 0,
      "size": 0
    },
    {
      "atomic": false,
      "capacity": 1,
      "cm": [
        23.73727010171045,
        0.32918366965696677,
        12.973745618928941
      ],
      "compressible": false,
      "id": 0,
      "size": 0
    },
    {
      "atomic": false,
      "cm": [
        19.42541939076125,
        -11.03573698456168,
        -6.040148986548868
      ],
      "compressible": false,
      "id": 0,
      "size": 1
    },
    {
      "atomic": false,
      "capacity": 1,
      "cm": [
        16.305554510618244,
        -25.88741123676592,
        -10.8282493636667
      ],
      "compressible": false,
      "id": 0,
      "size": 0
    },
    {
      "atomic": false,
      "cm": [
        24.131052341394692,
        -26.98816516640438,
        -2.5842927884246336
      ],
      "compressible": false,
      "id": 0,
      "size": 1
    },
    {
      "atomic": false,
      "cm": [
        22.663270746691367,
        -19.66778307880409,
        4.574141831067783
      ],
      "compressible": false,
      "id": 0,
      "size": 1
    },
    {
      "atomic": false,
      "capacity": 1,
      "cm": [
        24.119410690728433,
        -5.7990963923479875,
        -4.212520640033857
      ],
      "compressible": false,
      "id": 0,
      "size": 0
    },
    {
      "atomic": false,
      "capacity": 1,
      "cm": [
        -2.611076082620311,
        4.0469437543048805,
        20.284357388247862
      ],
      "compressible": false,
      "id": 0,
      "size": 0
    },
    {
      "atomic": false,
      "cm": [
        -5.108039601324814,
        -28.992319767017854,
        1.2093508576556715
      ],
      "compressible": false,
      "id": 0,
      "size": 1
    },
    {
      "atomic": false,
      "capacity": 1,
      "cm": [
        -13.00435634078283,
        -12.697617378313645,
        11.056493816365567
      ],
      "compressible": false,
      "id": 0,
      "size": 0
    },
    {
      "atomic": false,
      "capacity": 1,
      "cm": [
        -28.877711026761602,
        19.430862835038923,
        17.199244842490117
      ],
      "compressible": false,
      "id": 0,
      "size": 0
    },
    {
      "atomic": false,
      "capacity": 1,
      "cm": [
        -14.337691472587593,
        2.720920560234841,
        8.81266694020817
      ],
      "compressible": false,
      "id": 0,
      "size": 0
    },
    {
      "atomic": false,
      "capacity": 1,
      "cm": [
        19.50236072551671,
        5.049404068980213,
        29.503358522382683
      ],
      "compressible": false,
      "id": 0,
      "size": 0
    },
    {
      "atomic": false,
      "cm": [
        -20.432512056156124,
        27.642500694543855,
        5.170206201523893
      ],
      "compressible": false,
      "id": 0,
      "size": 1
    },
    {
      "atomic": false,
      "capacity": 1,
      "cm": [
        -6.63990408889569,
        0.6337447894437525,
        18.633979708489946
      ],
      "compressible": false,
      "id": 0,
      "size": 0
    },
    {
      "atomic": false,
      "cm": [
        18.875054506195568,
        -25.136523789487867,
        -12.21001580615669
      ],
      "compressible": false,
      "id": 0,
      "size": 1
    },
    {
      "atomic": false,
      "capacity": 1,
      "cm": [
        -26.249961278939054,
        -15.666039724194817,
        24.24079271999767
      ],
      "compressible": false,
      "id": 0,
      "size": 0
    },
    {
      "atomic": false,
      "capacity": 1,
      "cm": [
        -25.04620868499046,
        28.409609824580222,
        -13.380565615251896
      ],
      "compressible": false,
      "id": 0,
      "size": 0
    },
    {
      "atomic": false,
      "cm": [
        3.343809477460937,
        4.873716255561867,
        -16.743347278674662
      ],
      "compressible": false,
      "id": 0,
      "size": 1
    },
    {
      "atomic": false,
      "capacity": 1,
      "cm": [
        9.295589707110587,
        -17.379099268228558,
        25.057213271961743
      ],
      "compressible": false,
      "id": 0,
      "size": 0
    },
    {
      "atomic": false,
      "capacity": 1,
      "cm": [
        1.4820500108874235,
        -15.64168570908862,
        4.607859408232173
      ],
      "compressible": false,
      "id": 0,
      "size": 0
    },
    {
      "atomic": false,
      "capacity": 1,
      "cm": [
        25.831660755190413,
        0.8689504610740872,
        -8.560647384209627
      ],
      "compressible": false,
      "id": 0,
      "size": 0
    },
    {
      "atomic": false,
      "capacity": 1,
      "cm": [
        -7.998211474217115,
        9.601204110636267,
        28.00741140541071
      ],
      "compressible": false,
      "id": 0,
      "size": 0
    },
    {
      "atomic": false,
      "cm": [
        1.3858778412610837,
        19.249058797451696,
        -8.675358978069045
      ],
      "compressible": false,
      "id": 0,
      "size": 1
    },
    {
      "atomic": false,
      "capacity": 1,
      "cm": [
        6.354961975600203,
        24.067833344923223,
        -8.620838161217073
      ],
      "compressible": false,
      "id": 0,
      "size": 0
    },
    {
      "atomic": false,
      "capacity": 1,
      "cm": [
        22.73659720278233,
        20.570907044137797,
        -22.16100059863117
      ],
      "compressible": false,
      "id": 0,
      "size": 0
    },
    {
      "atomic": false,
      "capacity": 1,
      "cm": [
        3.430385119768026,
        -29.856364644467916,
        0.38604674841374376
      ],
      "compressible": false,
      "id": 0,
      "size": 0
    },
    {
      "atomic": false,
      "capacity": 1,
      "cm": [
        11.448739569967648,
        -0.6167822319175897,
        16.069009020099045
      ],
      "compressible": false,
      "id": 0,
      "size": 0
    },
    {
      "atomic": false,
      "capacity": 1,
      "cm": [
        11.149122713793977,
        -21.53998257860122,
        -20.81716302484843
      ],
      "compressible": false,
      "id": 0,
      "size": 0
    },
    {
      "atomic": false,
      "capacity": 1,
      "cm": [
        -20.628792657302945,
        7.284051468759877,
        -15.668769318037015
      ],
      "compressible": false,
      "id": 0,
      "size": 0
    },
    {
      "atomic": false,
      "capacity": 1,
      "cm": [
        -2.115133459892764,
        -5.091599571534264,
        -14.035905002617689
      ],
      "compressible": false,
      "id": 0,
      "size": 0
    },
    {
      "atomic": false,
      "cm": [
        -29.76425229784698,
        -18.66750297143507,
        -19.95894428997592
      ],
      "compressible": false,
      "id": 0,
      "size": 1
    },
    {
      "atomic": false,
      "capacity": 1,
      "cm": [
        -25.30292994838109,
        -13.62348581716884,
        -16.655715832597757
      ],
      "compressible": false,
      "id": 0,
      "size": 0
    },
    {
      "atomic": false,
      "capacity": 1,
      "cm": [
        7.57259515040867,
        -26.342408407856034,
        -12.237538958778835
      ],
      "compressible": false,
      "id": 0,
      "size": 0
    },
    {
      "atomic": false,
      "capacity": 1,
      "cm": [
        -13.8422550211951,
        2.541720971404551,
        -14.94933806968638
      ],
      "compressible": false,
      "id": 0,
      "size": 0
    },
    {
      "atomic": false,
      "capacity": 1,
      "cm": [
        -12.476048380186636,
        9.186589015542218,
        -26.594195791165266
      ],
      "compressible": false,
      "id": 0,
      "size": 0
    },
    {
      "atomic": false,
      "capacity": 1,
      "cm": [
        0.26023064052636613,
        22.007698484074375,
        20.599743079115626
      ],
      "compressible": false,
      "id": 0,
      "size": 0
    },
    {
      "atomic": false,
      "capacity": 1,
      "cm": [
        -14.734972675373912,
        7.628293762626464,
        -28.261999127485286
      ],
      "compressible": false,
      "id": 0,
      "size": 0
    },
    {
      "atomic": false,
      "capacity": 1,
      "cm": [
        5.464008768836472,
        25.758474849800635,
        13.054296655120126
      ],
      "compressible": false,
      "id": 0,
      "size": 0
    },
    {
      "atomic": false,
      "capacity": 1,
      "cm": [
        -24.43282160979988,
        -25.477272793258535,
        -0.7351994023675701
      ],
      "compressible": false,
      "id": 0,
      "size": 0
    },
    {
      "atomic": false,
      "capacity": 1,
      "cm": [
        4.032550535835012,
        10.014965903560213,
        -15.264101123191452
      ],
      "compressible": false,
      "id": 0,
      "size": 0
    },
    {
      "atomic": false,
      "capacity": 1,
      "cm": [
        17.555854562383026,
        -5.491465384954353,
        14.21396771772311
      ],
      "compressible": false,
      "id": 0,
      "size": 0
    },
    {
      "atomic": false,
      "cm": [
        22.289591522105056,
        -7.641654598336226,
        18.490361448347215
      ],
      "compressible": false,
      "id": 0,
      "size": 1
    },
    {
      "atomic": false,
      "capacity": 1,
      "cm": [
        24.87660795876686,
        -18.091738131080007,
        -11.333931787417239
      ],
      "compressible": false,
      "id": 0,
      "size": 0
    },
    {
      "atomic": false,
      "capacity": 1,
      "cm": [
        6.127523586298004,
        9.755146684306748,
        -3.6430169211223777
      ],
      "compressible": false,
      "id": 0,
      "size": 0
    },
    {
      "atomic": false,
      "capacity": 1,
      "cm": [
        -27.533191163792736,
        29.94746235257731,
        -8.78817636062512
      ],
      "compressible": false,
      "id": 0,
      "size": 0
    },
    {
      "atomic": false,
      "capacity": 1,
      "cm": [
        2.718799475407227,
        -21.86971514598384,
        23.9830681106848
      ],
      "compressible": false,
      "id": 0,
      "size": 0
    },
    {
      "atomic": false,
      "capacity": 1,
      "cm": [
        -12.022112189044233,
        -27.405288408654286,
        -17.06334836737239
      ],
      "compressible": false,
      "id": 0,
      "size": 0
    },
    {
      "atomic": false,
      "capacity": 1,
      "cm": [
        3.364759879213292,
        -17.038176525791783,
        7.330431362727268
      ],
      "compressible": false,
      "id": 0,
      "size": 0
    },
    {
      "atomic": false,
      "capacity": 1,
      "cm": [
        -19.709867623880797,
        -15.145680480165662,
        5.898075068523355
      ],
      "compressible": false,
      "id": 0,
      "size": 0
    },
    {
      "atomic": false,
      "capacity": 1,
      "cm": [
        -18.975278521538563,
        -17.906413450189497,
        -1.5695136426249832
      ],
      "compressible": false,
      "id": 0,
      "size": 0
    },
    {
      "atomic": false,
      "capacity": 1,
      "cm": [
        4.1391044442945635,
        5.673466349878089,
        24.216906568543067
      ],
      "compressible": false,
      "id": 0,
      "size": 0
    },
    {
      "atomic": false,
      "capacity": 1,
      "cm": [
        -22.967568912243863,
        -5.5879088581606275,
        25.405066991883164
      ],
      "compressible": false,
      "id": 0,
      "size": 0
    },
    {
      "atomic": false,
      "capacity": 1,
      "cm": [
        -24.457652521132985,
        -15.967540230389668,
        5.256268245202916
      ],
      "compressible": false,
      "id": 0,
      "size": 0
    },
    {
      "atomic": false,
      "capacity": 1,
      "cm": [
        -9.206905950023192,
        1.5528771007534736,
        -29.3891337518514
      ],
      "compressible": false,
      "id": 0,
      "size": 0
    },
    {
      "atomic": false,
      "capacity": 1,
      "cm": [
        -15.837089491520956,
        2.3179342077518754,
        21.266393242358234
      ],
      "compressible": false,
      "id": 0,
      "size": 0
    },
    {
      "atomic": false,
      "capacity": 1,
      "cm": [
        -21.783514555341817,
        26.09818577719914,
        13.646062333633376
      ],
      "compressible": false,
      "id": 0,
      "size": 0
    },
    {
      "atomic": false,
      "capacity": 1,
      "cm": [
        -26.23363945525187,
        10.393970005369669,
        25.827493601383676
      ],
      "compressible": false,
      "id": 0,
      "size": 0
    },
    {
      "atomic": false,
      "capacity": 1,
      "cm": [
        -7.961681067765532,
        -4.748677862025484,
        23.580389681489528
      ],
      "compressible": false,
      "id": 0,
      "size": 0
    },
    {
      "atomic": false,
      "capacity": 1,
      "cm": [
        -0.372970641479597,
        -27.981523389019006,
        -15.339763013776643
      ],
      "compressible": false,
      "id": 0,
      "size": 0
    },
    {
      "atomic": false,
      "capacity": 1,
      "cm": [
        28.683557022967122,
        27.63541029743799,
        9.087995616167483
      ],
      "compressible": false,
      "id": 0,
      "size": 0
    },
    {
      "atomic": false,
      "capacity": 1,
      "cm": [
        -2.107638516030068,
        11.987932724442738,
        6.173150657489128
      ],
      "compressible": false,
      "id": 0,
      "size": 0
    },
    {
      "atomic": false,
      "cm": [
        -26.066489254757858,
        8.2935260958139,
        20.436138614238175
      ],
      "compressible": false,
      "id": 0,
      "size": 1
    },
    {
      "atomic": false,
      "capacity": 1,
      "cm": [
        -26.895206966199588,
        3.021453996223091,
        16.15858416542742
      ],
      "compressible": false,
      "id": 0,
      "size": 0
    },
    {
      "atomic": false,
      "capacity": 1,
      "cm": [
        8.437145039407833,
        -16.253240706140254,
        14.150909791231001
      ],
      "compressible": false,
      "id": 0,
      "size": 0
    },
    {
      "atomic": false,
      "capacity": 1,
      "cm": [
        8.953633112717725,
        -19.50484649631377,
        0.9573976597395735
      ],
      "compressible": false,
      "id": 0,
      "size": 0
    },
    {
      "atomic": false,
      "capacity": 1,
      "cm": [
        -16.77328785630495,
        -14.328761989403077,
        0.9090753993694918
      ],
      "compressible": false,
      "id": 0,
      "size": 0
    },
    {
      "atomic": false,
      "capacity": 1,
      "cm": [
        -5.603858992592292,
        -6.452912401055528,
        7.874672440116816
      ],
      "compressible": false,
      "id": 0,
      "size": 0
    },
    {
      "atomic": false,
      "capacity": 1,
      "cm": [
        -13.561736896971105,
        17.88385410962254,
        -28.493793459987515
      ],
      "compressible": false,
      "id": 0,
      "size": 0
    },
    {
      "atomic": false,
      "cm": [
        -14.609988200093632,
        26.86603263526983,
        25.399701451575666
      ],
      "compressible": false,
      "id": 0,
      "size": 1
    }
  ],
  "particles": [
    {
      "Q": [
        0.0,
        0.0,
        0.0,
        0.0,
        0.0,
        0.0
      ],
      "id": 0,
      "mu": [
        -0.7953584664051632,
        -0.15034577986184883,
        0.5871976297597141
      ],
      "mulen": 0.0,
      "pos": [
        22.68728328707885,
        -10.564789732837014,
        19.538628031353774
      ],
      "q": 0.0,
      "scdir": [
        -0.7953584664051632,
        -0.15034577986184883,
        0.5871976297597141
      ],
      "sclen": 0.0
    },
    {
      "Q": [
        0.0,
        0.0,
        0.0,
        0.0,
        0.0,
        0.0
      ],
      "id": 0,
      "mu": [
        0.24822316700523217,
        -0.7677359906913539,
        -0.5907340416458082
      ],
      "mulen": 0.0,
      "pos": [
        13.89735156502097,
        20.20689899598408,
        26.91948726533249
      ],
      "q": 0.0,
      "scdir": [
        0.24822316700523217,
        -0.7677359906913539,
        -0.5907340416458082
      ],
      "sclen": 0.0
    },
    {
      "Q": [
        0.0,
        0.0,
        0.0,
        0.0,
        0.0,
        0.0
      ],
      "id": 0,
      "mu": [
        -0.890933058911276,
        -0.4102835082141447,
        0.19469393269054097
      ],
      "mulen": 0.0,
      "pos": [
        21.266001760727637,
        21.663135119598167,
        1.3093393199962406
      ],
      "q": 0.0,
      "scdir": [
        -0.890933058911276,
        -0.4102835082141447,
        0.19469393269054097
      ],
      "sclen": 0.0
    },
    {
      "Q": [
        0.0,
        0.0,
        0.0,
        0.0,
        0.0,
        0.0
      ],
      "id": 0,
      "mu": [
        -0.6014005736628864,
        -0.4416174146207109,
        0.6658013285520211
      ],
      "mulen": 0.0,
      "pos": [
        -24.67597980016673,
        -22.509866034528024,
        16.57379205688649
      ],
      "q": 0.0,
      "scdir": [
        -0.6014005736628864,
        -0.4416174146207109,
        0.6658013285520211
      ],
      "sclen": 0.0
    },
    {
      "Q": [
        0.0,
        0.0,
        0.0,
        0.0,
        0.0,
        0.0
      ],
      "id": 0,
      "mu": [
        0.6749931686146129,
        -0.4106390447402049,
        0.6129924936396212
      ],
      "mulen": 0.0,
      "pos": [
        -20.887744162321713,
        23.584935295490617,
        26.741537329130992
      ],
      "q": 0.0,
      "scdir": [
        0.6749931686146129,
        -0.4106390447402049,
        0.6129924936396212
      ],
      "sclen": 0.0
    },
    {
      "Q": [
        0.0,
        0.0,
        0.0,
        0.0,
        0.0,
        0.0
      ],
      "id": 0,
      "mu": [
        -0.716903153262355,
        -0.08846621739059449,
        -0.6915371264243311
      ],
      "mulen": 0.0,
      "pos": [
        -27.967255607549063,
        -9.175979600373704,
        -27.10749235221112
      ],
      "q": 0.0,
      "scdir": [
        -0.716903153262355,
        -0.08846621739059449,
        -0.6915371264243311
      ],
      "sclen": 0.0
    },
    {
      "Q": [
        0.0,
        0.0,
        0.0,
        0.0,
        0.0,
        0.0
      ],
      "id": 0,
      "mu": [
        -0.6648602040106366,
        0.6280919233104107,
        -0.40430365444209715
      ],
      "mulen": 0.0,
      "pos": [
        -15.091173339861104,
        -24.84847917863454,
        23.571861559030403
      ],
      "q": 0.0,
      "scdir": [
        -0.6648602040106366,
        0.6280919233104107,
        -0.40430365444209715
      ],
      "sclen": 0.0
    },
    {
      "Q": [
        0.0,
        0.0,
        0.0,
        0.0,
        0.0,
        0.0
      ],
      "id": 0,
      "mu": [
        -0.5420771134587619,
        0.5370273430788768,
        0.6463389481146036
      ],
      "mulen": 0.0,
      "pos": [
        21.1432655656496,
        -19.80948174100169,
        18.28531440023363
      ],
      "q": 0.0,
      "scdir": [
        -0.5420771134587619,
        0.5370273430788768,
        0.6463389481146036
      ],
      "sclen": 0.0
    },
    {
      "Q": [
        0.0,
        0.0,
        0.0,
        0.0,
        0.0,
        0.0
      ],
      "id": 0,
      "mu": [
        0.01346123999468063,
        0.6497697295330143,
        -0.760011903591269
      ],
      "mulen": 0.0,
      "pos": [
        -20.47425323330996,
        18.499481865311594,
        -6.829431644334946
      ],
      "q": 0.0,
      "scdir": [
        0.01346123999468063,
        0.6497697295330143,
        -0.760011903591269
      ],
      "sclen": 0.0
    },
    {
      "Q": [
        0.0,
        0.0,
        0.0,
        0.0,
        0.0,
        0.0
      ],
      "id": 0,
      "mu": [
        -0.02732565169552592,
        -0.9993682503655551,
        0.022724632467225503
      ],
      "mulen": 0.0,
      "pos": [
        21.834618767185006,
        27.58165857910262,
        25.005163740635595
      ],
      "q": 0.0,
      "scdir": [
        -0.02732565169552592,
        -0.9993682503655551,
        0.022724632467225503
      ],
      "sclen": 0.0
    },
    {
      "Q": [
        0.0,
        0.0,
        0.0,
        0.0,
        0.0,
        0.0
      ],
      "id": 0,
      "mu": [
        0.887769996902076,
        0.31314876948438486,
        -0.337345936348741
      ],
      "mulen": 0.0,
      "pos": [
        -17.303479003145643,
        -13.3666534380796,
        -12.220671904664947
      ],
      "q": 0.0,
      "scdir": [
        0.887769996902076,
        0.31314876948438486,
        -0.337345936348741
      ],
      "sclen": 0.0
    },
    {
      "Q": [
        0.0,
        -0.0,
        0.0,
        0.0,
        0.0,
        0.0
      ],
      "id": 0,
      "mu": [
        0.21489343462145377,
        0.581876074178659,
        0.7843730273633092
      ],
      "mulen": 0.0,
      "pos": [
        -22.90270763319382,
        -1.1270920023452042,
        -29.749153473676365
      ],
      "q": 0.0,
      "scdir": [
        0.21489343462145377,
        0.581876074178659,
        0.7843730273633092
      ],
      "sclen": 0.0
    },
    {
      "Q": [
        0.0,
        0.0,
        0.0,
        0.0,
        0.0,
        0.0
      ],
      "id": 0,
      "mu": [
        -0.6503331711071915,
        0.059250930226512066,
        -0.7573348624122748
      ],
      "mulen": 0.0,
      "pos": [
        18.240622952187493,
        -6.339664091474347,
        8.550677601191474
      ],
      "q": 0.0,
      "scdir": [
        -0.6503331711071915,
        0.059250930226512066,
        -0.7573348624122748
      ],
      "sclen": 0.0
    },
    {
      "Q": [
        0.0,
        0.0,
        0.0,
        0.0,
        0.0,
        0.0
      ],
      "id": 0,
      "mu": [
        -0.36139934737053503,
        0.7919081782952528,
        -0.4922112847846267
      ],
      "mulen": 0.0,
      "pos": [
        13.72726832381985,
        -10.739850231846248,
        -4.124493941765877
      ],
      "q": 0.0,
      "scdir": [
        -0.36139934737053503,
        0.7919081782952528,
        -0.4922112847846267
      ],
      "sclen": 0.0
    },
    {
      "Q": [
        0.0,
        0.0,
        0.0,
        0.0,
        0.0,
        0.0
      ],
      "id": 0,
      "mu": [
        -0.8796120916247672,
        0.4244885179006763,
        -0.21469062959990892
      ],
      "mulen": 0.0,
      "pos": [
        22.659490046540814,
        -15.361432863123254,
        28.105296406542855
      ],
      "q": 0.0,
      "scdir": [
        -0.8796120916247672,
        0.4244885179006763,
        -0.21469062959990892
      ],
      "sclen": 0.0
    },
    {
      "Q": [
        0.0,
        -0.0,
        0.0,
        0.0,
        0.0,
        0.0
      ],
      "id": 0,
      "mu": [
        -0.8153118790573258,
        0.05038324531118471,
        -0.5768258562685412
      ],
      "mulen": 0.0,
      "pos": [
        -12.801663721840873,
        3.714674964975792,
        -14.18075034452021
      ],
      "q": 0.0,
      "scdir": [
        -0.8153118790573258,
        0.05038324531118471,
        -0.5768258562685412
      ],
      "sclen": 0.0
    },
    {
      "Q": [
        0.0,
        0.0,
        0.0,
        0.0,
        0.0,
        0.0
      ],
      "id": 0,
      "mu": [
        0.3274343521981383,
        -0.6590640148929935,
        -0.6770682161154542
      ],
      "mulen": 0.0,
      "pos": [
        10.492190789362326,
        18.556392298080773,
        -1.659360605241286
      ],
      "q": 0.0,
      "scdir": [
        0.3274343521981383,
        -0.6590640148929935,
        -0.6770682161154542
      ],
      "sclen": 0.0
    },
    {
      "Q": [
        0.0,
        0.0,
        0.0,
        0.0,
        0.0,
        0.0
      ],
      "id": 0,
      "mu": [
        0.5455608114125025,
        -0.825810043472218,
        -0.1428326753631169
      ],
      "mulen": 0.0,
      "pos": [
        -15.373058589436983,
        -7.770362808119366,
        -17.966317812736555
      ],
      "q": 0.0,
      "scdir": [
        0.5455608114125025,
        -0.825810043472218,
        -0.1428326753631169
      ],
      "sclen": 0.0
    },
    {
      "Q": [
        0.0,
        0.0,
        0.0,
        0.0,
        0.0,
        0.0
      ],
      "id": 0,
      "mu": [
        -0.9123245664312525,
        -0.1470607140917817,
        0.38214791881799726
      ],
      "mulen": 0.0,
      "pos": [
        -10.528040577536437,
        -29.01674178952603,
        -15.247843590560729
      ],
      "q": 0.0,
      "scdir": [
        -0.9123245664312525,
        -0.1470607140917817,
        0.38214791881799726
      ],
      "sclen": 0.0
    },
    {
      "Q": [
        0.0,
        0.0,
        0.0,
        0.0,
        0.0,
        0.0
      ],
      "id": 0,
      "mu": [
        -0.1015353776221346,
        -0.3651431511906021,
        0.9253977772989049
      ],
      "mulen": 0.0,
      "pos": [
        3.69004513223884,
        12.141453424438502,
        23.19593954244148
      ],
      "q": 0.0,
      "scdir": [
        -0.1015353776221346,
        -0.3651431511906021,
        0.9253977772989049
      ],
      "sclen": 0.0
    },
    {
      "Q": [
        0.0,
        0.0,
        0.0,
        0.0,
        0.0,
        0.0
      ],
      "id": 0,
      "mu": [
        0.4689023716001091,
        -0.06095751797891347,
        0.8811439989636818
      ],
      "mulen": 0.0,
      "pos": [
        -0.19179565889889005,
        -21.987417130349,
        -24.161801048402708
      ],
      "q": 0.0,
      "scdir": [
        0.4689023716001091,
        -0.06095751797891347,
        0.8811439989636818
      ],
      "sclen": 0.0
    },
    {
      "Q": [
        0.0,
        -0.0,
        0.0,
        0.0,
        0.0,
        0.0
      ],
      "id": 0,
      "mu": [
        0.6653696107274962,
        -0.08701959489879284,
        -0.7414248925036363
      ],
      "mulen": 0.0,
      "pos": [
        21.01841259131583,
        15.993717270863286,
        5.957332391263108
      ],
      "q": 0.0,
      "scdir": [
        0.6653696107274962,
        -0.08701959489879284,
        -0.7414248925036363
      ],
      "sclen": 0.0
    },
    {
      "Q": [
        0.0,
        0.0,
        0.0,
        0.0,
        0.0,
        0.0
      ],
      "id": 0,
      "mu": [
        -0.7999853096475068,
        -0.028688767626974754,
        -0.5993333454433293
      ],
      "mulen": 0.0,
      "pos": [
        -21.9397512721074,
        20.481185764403858,
        11.805371405131815
      ],
      "q": 0.0,
      "scdir": [
        -0.7999853096475068,
        -0.028688767626974754,
        -0.5993333454433293
      ],
      "sclen": 0.0
    },
    {
      "Q": [
        0.0,
        0.0,
        0.0,
        0.0,
        0.0,
        0.0
      ],
      "id": 0,
      "mu": [
        -0.7755847183503104,
        0.18504817577574567,
        -0.6035109918664255
      ],
      "mulen": 0.0,
      "pos": [
        21.718500006957363,
        3.848443979525399,
        -29.021220283096557
      ],
      "q": 0.0,
      "scdir": [
        -0.7755847183503104,
        0.18504817577574567,
        -0.6035109918664255
      ],
      "sclen": 0.0
    },
    {
      "Q": [
        0.0,
        0.0,
        0.0,
        0.0,
        0.0,
        0.0
      ],
      "id": 0,
      "mu": [
        0.48597117185858857,
        -0.5119477093619842,
        -0.7083371817161224
      ],
      "mulen": 0.0,
      "pos": [
        6.428272530943394,
        11.511887814135022,
        11.085426198076338
      ],
      "q": 0.0,
      "scdir": [
        0.48597117185858857,
        -0.5119477093619842,
        -0.7083371817161224
      ],
      "sclen": 0.0
    },
    {
      "Q": [
        0.0,
        0.0,
        0.0,
        0.0,
        0.0,
        0.0
      ],
      "id": 0,
      "mu": [
        0.8232958034352696,
        -0.3067242577590849,
        0.4776026065130733
      ],
      "mulen": 0.0,
      "pos": [
        -5.488837599767706,
        23.14747062656007,
        11.563120148804463
      ],
      "q": 0.0,
      "scdir": [
        0.8232958034352696,
        -0.3067242577590849,
        0.4776026065130733
      ],
      "sclen": 0.0
    },
    {
      "Q": [
        0.0,
        0.0,
        0.0,
        0.0,
        0.0,
        0.0
      ],
      "id": 0,
      "mu": [
        0.5995030532375704,
        -0.7753704968176364,
        0.19848597387134506
      ],
      "mulen": 0.0,
      "pos": [
        26.71556499092526,
        13.90781712673369,
        29.849926040565002
      ],
      "q": 0.0,
      "scdir": [
        0.5995030532375704,
        -0.7753704968176364,
        0.19848597387134506
      ],
      "sclen": 0.0
    },
    {
      "Q": [
        0.0,
        0.0,
        0.0,
        0.0,
        -0.0,
        0.0
      ],
      "id": 0,
      "mu": [
        0.143086191314714,
        -0.8334166899964375,
        0.5338004895937308
      ],
      "mulen": 0.0,
      "pos": [
        4.327134698251475,
        -8.134716863223208,
        -26.327847176969172
      ],
      "q": 0.0,
      "scdir": [
        0.143086191314714,
        -0.8334166899964375,
        0.5338004895937308
      ],
      "sclen": 0.0
    },
    {
      "Q": [
        0.0,
        0.0,
        0.0,
        0.0,
        0.0,
        0.0
      ],
      "id": 0,
      "mu": [
        0.6389894779028732,
        -0.5627856556776312,
        0.5243708162102032
      ],
      "mulen": 0.0,
      "pos": [
        15.018532420388507,
        -10.13536375761689,
        -22.582707606857785
      ],
      "q": 0.0,
      "scdir": [
        0.6389894779028732,
        -0.5627856556776312,
        0.5243708162102032
      ],
      "sclen": 0.0
    },
    {
      "Q": [
        0.0,
        0.0,
        0.0,
        0.0,
        0.0,
        0.0
      ],
      "id": 0,
      "mu": [
        0.3104666983750566,
        -0.009631089508569612,
        -0.9505354655745624
      ],
      "mulen": 0.0,
      "pos": [
        -2.0740831477139743,
        -6.563539732587028,
        -1.2275480018245126
      ],
      "q": 0.0,
      "scdir": [
        0.3104666983750566,
        -0.009631089508569612,
        -0.9505354655745624
      ],
      "sclen": 0.0
    },
    {
      "Q": [
        0.0,
        0.0,
        0.0,
        0.0,
        0.0,
        0.0
      ],
      "id": 0,
      "mu": [
        0.606680062812119,
        0.14914848075112364,
        -0.7808290671305289
      ],
      "mulen": 0.0,
      "pos": [
        17.130841816824116,
        10.230666693122679,
        -11.409792287088209
      ],
      "q": 0.0,
      "scdir": [
        0.606680062812119,
        0.14914848075112364,
        -0.7808290671305289
      ],
      "sclen": 0.0
    },
    {
      "Q": [
        0.0,
        0.0,
        0.0,
        0.0,
        0.0,
        0.0
      ],
      "id": 0,
      "mu": [
        0.7455539035381478,
        0.5766519704437986,
        -0.33409861104519756
      ],
      "mulen": 0.0,
      "pos": [
        23.73727010171045,
        0.32918366965696677,
        12.973745618928941
      ],
      "q": 0.0,
      "scdir": [
        0.7455539035381478,
        0.5766519704437986,
        -0.33409861104519756
      ],
      "sclen": 0.0
    },
    {
      "Q": [
        0.0,
        0.0,
        0.0,
        0.0,
        0.0,
        0.0
      ],
      "id": 0,
      "mu": [
        -0.6437174028785514,
        0.020315797696244586,
        -0.7649935774863131
      ],
      "mulen": 0.0,
      "pos": [
        19.42541939076125,
        -11.03573698456168,
        -6.040148986548868
      ],
      "q": 0.0,
      "scdir": [
        -0.6437174028785514,
        0.020315797696244586,
        -0.7649935774863131
      ],
      "sclen": 0.0
    },
    {
      "Q": [
        0.0,
        0.0,
        0.0,
        0.0,
        0.0,
        0.0
      ],
      "id": 0,
      "mu": [
        -0.18081378953048022,
        0.6573839103085047,
        -0.7315413645058907
      ],
      "mulen": 0.0,
      "pos": [
        16.305554510618244,
        -25.88741123676592,
        -10.8282493636667
      ],
      "q": 0.0,
      "scdir": [
        -0.18081378953048022,
        0.6573839103085047,
        -0.7315413645058907
      ],
      "sclen": 0.0
    },
    {
      "Q": [
        0.0,
        0.0,
        0.0,
        0.0,
        0.0,
        0.0
      ],
      "id": 0,
      "mu": [
        0.08677243486694851,
        0.8344832035651759,
        -0.5441583662086296
      ],
      "mulen": 0.0,
      "pos": [
        24.131052341394692,
        -26.98816516640438,
        -2.5842927884246336
      ],
      "q": 0.0,
      "scdir": [
        0.08677243486694851,
        0.8344832035651759,
        -0.5441583662086296
      ],
      "sclen": 0.0
    },
    {
      "Q": [
        0.0,
        0.0,
        0.0,
        0.0,
        0.0,
        0.0
      ],
      "id": 0,
      "mu": [
        0.3247613043774795,
        0.9142888592844326,
        -0.24208671373598306
      ],
      "mulen": 0.0,
      "pos": [
        22.663270746691367,
        -19.66778307880409,
        4.574141831067783
      ],
      "q": 0.0,
      "scdir": [
        0.3247613043774795,
        0.9142888592844326,
        -0.24208671373598306
      ],
      "sclen": 0.0
    },
    {
      "Q": [
        0.0,
        0.0,
        0.0,
        0.0,
        0.0,
        0.0
      ],
      "id": 0,
      "mu": [
        -0.8404893845443732,
        0.45763195774819254,
        0.2900872036402989
      ],
      "mulen": 0.0,
      "pos": [
        24.119410690728433,
        -5.7990963923479875,
        -4.212520640033857
      ],
      "q": 0.0,
      "scdir": [
        -0.8404893845443732,
        0.45763195774819254,
        0.2900872036402989
      ],
      "sclen": 0.0
    },
    {
      "Q": [
        0.0,
        0.0,
        0.0,
        0.0,
        0.0,
        0.0
      ],
      "id": 0,
      "mu": [
        -0.25324598637285656,
        0.5314982213594449,
        -0.8083168382990971
      ],
      "mulen": 0.0,
      "pos": [
        -2.611076082620311,
        4.0469437543048805,
        20.284357388247862
      ],
      "q": 0.0,
      "scdir": [
        -0.25324598637285656,
        0.5314982213594449,
        -0.8083168382990971
      ],
      "sclen": 0.0
    },
    {
      "Q": [
        0.0,
        0.0,
        -0.0,
        0.0,
        -0.0,
        0.0
      ],
      "id": 0,
      "mu": [
        0.6322365085408419,
        -0.715117937962068,
        -0.29813307779070175
      ],
      "mulen": 0.0,
      "pos": [
        -5.108039601324814,
        -28.992319767017854,
        1.2093508576556715
      ],
      "q": 0.0,
      "scdir": [
        0.6322365085408419,
        -0.715117937962068,
        -0.29813307779070175
      ],
      "sclen": 0.0
    },
    {
      "Q": [
        0.0,
        0.0,
        0.0,
        0.0,
        0.0,
        0.0
      ],
      "id": 0,
      "mu": [
        -0.590691766375036,
        -0.06306858820231542,
        -0.8044287353887011
      ],
      "mulen": 0.0,
      "pos": [
        -13.00435634078283,
        -12.697617378313645,
        11.056493816365567
      ],
      "q": 0.0,
      "scdir": [
        -0.590691766375036,
        -0.06306858820231542,
        -0.8044287353887011
      ],
      "sclen": 0.0
    },
    {
      "Q": [
        0.0,
        -0.0,
        0.0,
        0.0,
        0.0,
        0.0
      ],
      "id": 0,
      "mu": [
        0.027283702759688166,
        0.7749462799878277,
        0.6314379325767587
      ],
      "mulen": 0.0,
      "pos": [
        -28.877711026761602,
        19.430862835038923,
        17.199244842490117
      ],
      "q": 0.0,
      "scdir": [
        0.027283702759688166,
        0.7749462799878277,
        0.6314379325767587
      ],
      "sclen": 0.0
    },
    {
      "Q": [
        0.0,
        -0.0,
        0.0,
        0.0,
        0.0,
        0.0
      ],
      "id": 0,
      "mu": [
        -0.8187602885082043,
        0.5524695031882778,
        0.1562339208011307
      ],
      "mulen": 0.0,
      "pos": [
        -14.337691472587593,
        2.720920560234841,
        8.81266694020817
      ],
      "q": 0.0,
      "scdir": [
        -0.8187602885082043,
        0.5524695031882778,
        0.1562339208011307
      ],
      "sclen": 0.0
    },
    {
      "Q": [
        0.0,
        0.0,
        0.0,
        0.0,
        0.0,
        0.0
      ],
      "id": 0,
      "mu": [
        -0.6314471481070905,
        -0.47218198948947243,
        -0.615076148090026
      ],
      "mulen": 0.0,
      "pos": [
        19.50236072551671,
        5.049404068980213,
        29.503358522382683
      ],
      "q": 0.0,
      "scdir": [
        -0.6314471481070905,
        -0.47218198948947243,
        -0.615076148090026
      ],
      "sclen": 0.0
    },
    {
      "Q": [
        0.0,
        0.0,
        0.0,
        0.0,
        0.0,
        0.0
      ],
      "id": 0,
      "mu": [
        -0.9634756890299828,
        0.21940668560420937,
        0.15354251189922402
      ],
      "mulen": 0.0,
      "pos": [
        -20.432512056156124,
        27.642500694543855,
        5.170206201523893
      ],
      "q": 0.0,
      "scdir": [
        -0.9634756890299828,
        0.21940668560420937,
        0.15354251189922402
      ],
      "sclen": 0.0
    },
    {
      "Q": [
        0.0,
        0.0,
        0.0,
        0.0,
        0.0,
        0.0
      ],
      "id": 0,
      "mu": [
        0.37912813722600214,
        -0.04295344641140425,
        -0.9243467190426757
      ],
      "mulen": 0.0,
      "pos": [
        -6.63990408889569,
        0.6337447894437525,
        18.633979708489946
      ],
      "q": 0.0,
      "scdir": [
        0.37912813722600214,
        -0.04295344641140425,
        -0.9243467190426757
      ],
      "sclen": 0.0
    },
    {
      "Q": [
        0.0,
        0.0,
        0.0,
        0.0,
        0.0,
        0.0
      ],
      "id": 0,
      "mu": [
        0.6112605496240786,
        -0.31863968530479037,
        0.7244510276217331
      ],
      "mulen": 0.0,
      "pos": [
        18.875054506195568,
        -25.136523789487867,
        -12.21001580615669
      ],
      "q": 0.0,
      "scdir": [
        0.6112605496240786,
        -0.31863968530479037,
        0.7244510276217331
      ],
      "sclen": 0.0
    },
    {
      "Q": [
        0.0,
        0.0,
        0.0,
        0.0,
        0.0,
        0.0
      ],
      "id": 0,
      "mu": [
        0.024086465421373937,
        0.7431830848461505,
        -0.6686544283724558
      ],
      "mulen": 0.0,
      "pos": [
        -26.249961278939054,
        -15.666039724194817,
        24.24079271999767
      ],
      "q": 0.0,
      "scdir": [
        0.024086465421373937,
        0.7431830848461505,
        -0.6686544283724558
      ],
      "sclen": 0.0
    },
    {
      "Q": [
        0.0,
        0.0,
        0.0,
        0.0,
        0.0,
        0.0
      ],
      "id": 0,
      "mu": [
        0.995011018600099,
        0.08372345772827916,
        0.054253621910147154
      ],
      "mulen": 0.0,
      "pos": [
        -25.04620868499046,
        28.409609824580222,
        -13.380565615251896
      ],
      "q": 0.0,
      "scdir": [
        0.995011018600099,
        0.08372345772827916,
        0.054253621910147154
      ],
      "sclen": 0.0
    },
    {
      "Q": [
        0.0,
        0.0,
        0.0,
        0.0,
        0.0,
        0.0
      ],
      "id": 0,
      "mu": [
        0.5000592172062388,
        -0.6693277459276411,
        -0.5494917176979253
      ],
      "mulen": 0.0,
      "pos": [
        3.343809477460937,
        4.873716255561867,
        -16.743347278674662
      ],
      "q": 0.0,
      "scdir": [
        0.5000592172062388,
        -0.6693277459276411,
        -0.5494917176979253
      ],
      "sclen": 0.0
    },
    {
      "Q": [
        0.0,
        0.0,
        0.0,
        0.0,
        0.0,
        0.0
      ],
      "id": 0,
      "mu": [
        -0.8521939161451788,
        0.45708957312229304,
        -0.2546264939634116
      ],
      "mulen": 0.0,
      "pos": [
        9.295589707110587,
        -17.379099268228558,
        25.057213271961743
      ],
      "q": 0.0,
      "scdir": [
        -0.8521939161451788,
        0.45708957312229304,
        -0.2546264939634116
      ],
      "sclen": 0.0
    },
    {
      "Q": [
        0.0,
        0.0,
        0.0,
        0.0,
        0.0,
        0.0
      ],
      "id": 0,
      "mu": [
        0.940044276784414,
        0.24316941012874507,
        -0.23913468101142982
      ],
      "mulen": 0.0,
      "pos": [
        1.4820500108874235,
        -15.64168570908862,
        4.607859408232173
      ],
      "q": 0.0,
      "scdir": [
        0.940044276784414,
        0.24316941012874507,
        -0.23913468101142982
      ],
      "sclen": 0.0
    },
    {
      "Q": [
        0.0,
        0.0,
        0.0,
        0.0,
        0.0,
        0.0
      ],
      "id": 0,
      "mu": [
        -0.9333037749007969,
        -0.26715688822840494,
        -0.23994011925489966
      ],
      "mulen": 0.0,
      "pos": [
        25.831660755190413,
        0.8689504610740872,
        -8.560647384209627
      ],
      "q": 0.0,
      "scdir": [
        -0.9333037749007969,
        -0.26715688822840494,
        -0.23994011925489966
      ],
      "sclen": 0.0
    },
    {
      "Q": [
        0.0,
        0.0,
        0.0,
        0.0,
        0.0,
        0.0
      ],
      "id": 0,
      "mu": [
        -0.4510543052025875,
        -0.6836808309169753,
        0.5736989935453578
      ],
      "mulen": 0.0,
      "pos": [
        -7.998211474217115,
        9.601204110636267,
        28.00741140541071
      ],
      "q": 0.0,
      "scdir": [
        -0.4510543052025875,
        -0.6836808309169753,
        0.5736989935453578
      ],
      "sclen": 0.0
    },
    {
      "Q": [
        0.0,
        0.0,
        0.0,
        0.0,
        0.0,
        0.0
      ],
      "id": 0,
      "mu": [
        0.6259345089188106,
        -0.3042912724245758,
        0.7180618441825546
      ],
      "mulen": 0.0,
      "pos": [
        1.3858778412610837,
        19.249058797451696,
        -8.675358978069045
      ],
      "q": 0.0,
      "scdir": [
        0.6259345089188106,
        -0.3042912724245758,
        0.7180618441825546
      ],
      "sclen": 0.0
    },
    {
      "Q": [
        0.0,
        0.0,
        0.0,
        0.0,
        0.0,
        0.0
      ],
      "id": 0,
      "mu": [
        0.12477609869764739,
        0.9835633285925879,
        -0.13051476484169333
      ],
      "mulen": 0.0,
      "pos": [
        6.354961975600203,
        24.067833344923223,
        -8.620838161217073
      ],
      "q": 0.0,
      "scdir": [
        0.12477609869764739,
        0.9835633285925879,
        -0.13051476484169333
      ],
      "sclen": 0.0
    },
    {
      "Q": [
        0.0,
        0.0,
        0.0,
        0.0,
        0.0,
        0.0
      ],
      "id": 0,
      "mu": [
        -0.6086938596759596,
        -0.13005670382105872,
        0.7826730089788722
      ],
      "mulen": 0.0,
      "pos": [
        22.73659720278233,
        20.570907044137797,
        -22.16100059863117
      ],
      "q": 0.0,
      "scdir": [
        -0.6086938596759596,
        -0.13005670382105872,
        0.7826730089788722
      ],
      "sclen": 0.0
    },
    {
      "Q": [
        0.0,
        0.0,
        0.0,
        0.0,
        0.0,
        0.0
      ],
      "id": 0,
      "mu": [
        -0.6461802294055636,
        -0.12466133096491855,
        -0.7529347008123898
      ],
      "mulen": 0.0,
      "pos": [
        3.430385119768026,
        -29.856364644467916,
        0.38604674841374376
      ],
      "q": 0.0,
      "scdir": [
        -0.6461802294055636,
        -0.12466133096491855,
        -0.7529347008123898
      ],
      "sclen": 0.0
    },
    {
      "Q": [
        0.0,
        0.0,
        0.0,
        0.0,
        0.0,
        0.0
      ],
      "id": 0,
      "mu": [
        0.3102498593077969,
        0.7250343480249856,
        -0.6148741488983567
      ],
      "mulen": 0.0,
      "pos": [
        11.448739569967648,
        -0.6167822319175897,
        16.069009020099045
      ],
      "q": 0.0,
      "scdir": [
        0.3102498593077969,
        0.7250343480249856,
        -0.6148741488983567
      ],
      "sclen": 0.0
    },
    {
      "Q": [
        0.0,
        0.0,
        0.0,
        0.0,
        0.0,
        0.0
      ],
      "id": 0,
      "mu": [
        0.8134530824284547,
        0.17679036465566744,
        0.5541112249833982
      ],
      "mulen": 0.0,
      "pos": [
        11.149122713793977,
        -21.53998257860122,
        -20.81716302484843
      ],
      "q": 0.0,
      "scdir": [
        0.8134530824284547,
        0.17679036465566744,
        0.5541112249833982
      ],
      "sclen": 0.0
    },
    {
      "Q": [
        0.0,
        0.0,
        0.0,
        0.0,
        0.0,
        0.0
      ],
      "id": 0,
      "mu": [
        0.5756647625921164,
        0.7553682184632047,
        -0.31309572920351003
      ],
      "mulen": 0.0,
      "pos": [
        -20.628792657302945,
        7.284051468759877,
        -15.668769318037015
      ],
      "q": 0.0,
      "scdir": [
        0.5756647625921164,
        0.7553682184632047,
        -0.31309572920351003
      ],
      "sclen": 0.0
    },
    {
      "Q": [
        0.0,
        0.0,
        0.0,
        0.0,
        0.0,
        0.0
      ],
      "id": 0,
      "mu": [
        -0.8513741103809135,
        -0.17979723179123444,
        0.49278299444419926
      ],
      "mulen": 0.0,
      "pos": [
        -2.115133459892764,
        -5.091599571534264,
        -14.035905002617689
      ],
      "q": 0.0,
      "scdir": [
        -0.8513741103809135,
        -0.17979723179123444,
        0.49278299444419926
      ],
      "sclen": 0.0
    },
    {
      "Q": [
        0.0,
        0.0,
        -0.0,
        0.0,
        0.0,
        0.0
      ],
      "id": 0,
      "mu": [
        0.029049936149934785,
        -0.16438002579178623,
        -0.9859692228109792
      ],
      "mulen": 0.0,
      "pos": [
        -29.76425229784698,
        -18.66750297143507,
        -19.95894428997592
      ],
      "q": 0.0,
      "scdir": [
        0.029049936149934785,
        -0.16438002579178623,
        -0.9859692228109792
      ],
      "sclen": 0.0
    },
    {
      "Q": [
        0.0,
        0.0,
        -0.0,
        0.0,
        -0.0,
        0.0
      ],
      "id": 0,
      "mu": [
        -0.8104274723100129,
        -0.5039082318946719,
        -0.2988039590669047
      ],
      "mulen": 0.0,
      "pos": [
        -25.30292994838109,
        -13.62348581716884,
        -16.655715832597757
      ],
      "q": 0.0,
      "scdir": [
        -0.8104274723100129,
        -0.5039082318946719,
        -0.2988039590669047
      ],
      "sclen": 0.0
    },
    {
      "Q": [
        0.0,
        0.0,
        0.0,
        0.0,
        0.0,
        0.0
      ],
      "id": 0,
      "mu": [
        -0.14689359877436398,
        0.6225320018531668,
        -0.7686847060452137
      ],
      "mulen": 0.0,
      "pos": [
        7.57259515040867,
        -26.342408407856034,
        -12.237538958778835
      ],
      "q": 0.0,
      "scdir": [
        -0.14689359877436398,
        0.6225320018531668,
        -0.7686847060452137
      ],
      "sclen": 0.0
    },
    {
      "Q": [
        0.0,
        0.0,
        0.0,
        0.0,
        0.0,
        0.0
      ],
      "id": 0,
      "mu": [
        -0.9499907394632362,
        0.032306981013589,
        0.3106024048714899
      ],
      "mulen": 0.0,
      "pos": [
        -13.8422550211951,
        2.541720971404551,
        -14.94933806968638
      ],
      "q": 0.0,
      "scdir": [
        -0.9499907394632362,
        0.032306981013589,
        0.3106024048714899
      ],
      "sclen": 0.0
    },
    {
      "Q": [
        0.0,
        0.0,
        0.0,
        0.0,
        0.0,
        0.0
      ],
      "id": 0,
      "mu": [
        0.934751105271568,
        0.02427151036729408,
        -0.35447322180680724
      ],
      "mulen": 0.0,
      "pos": [
        -12.476048380186636,
        9.186589015542218,
        -26.594195791165266
      ],
      "q": 0.0,
      "scdir": [
        0.934751105271568,
        0.02427151036729408,
        -0.35447322180680724
      ],
      "sclen": 0.0
    },
    {
      "Q": [
        0.0,
        0.0,
        0.0,
        0.0,
        0.0,
        0.0
      ],
      "id": 0,
      "mu": [
        0.4697269619687834,
        0.8752309668124992,
        -0.11544408140746931
      ],
      "mulen": 0.0,
      "pos": [
        0.26023064052636613,
        22.007698484074375,
        20.599743079115626
      ],
      "q": 0.0,
      "scdir": [
        0.4697269619687834,
        0.8752309668124992,
        -0.11544408140746931
      ],
      "sclen": 0.0
    },
    {
      "Q": [
        0.0,
        0.0,
        0.0,
        0.0,
        0.0,
        0.0
      ],
      "id": 0,
      "mu": [
        0.9323474073409784,
        -0.3406521404026718,
        0.12117933513458468
      ],
      "mulen": 0.0,
      "pos": [
        -14.734972675373912,
        7.628293762626464,
        -28.261999127485286
      ],
      "q": 0.0,
      "scdir": [
        0.9323474073409784,
        -0.3406521404026718,
        0.12117933513458468
      ],
      "sclen": 0.0
    },
    {
      "Q": [
        0.0,
        0.0,
        0.0,
        0.0,
        0.0,
        0.0
      ],
      "id": 0,
      "mu": [
        0.8558846940132092,
        -0.1504049066116987,
        -0.49481284807599335
      ],
      "mulen": 0.0,
      "pos": [
        5.464008768836472,
        25.758474849800635,
        13.054296655120126
      ],
      "q": 0.0,
      "scdir": [
        0.8558846940132092,
        -0.1504049066116987,
        -0.49481284807599335
      ],
      "sclen": 0.0
    },
    {
      "Q": [
        0.0,
        0.0,
        0.0,
        0.0,
        0.0,
        0.0
      ],
      "id": 0,
      "mu": [
        -0.8365294286301372,
        -0.31255607155460047,
        -0.45003024028404787
      ],
      "mulen": 0.0,
      "pos": [
        -24.43282160979988,
        -25.477272793258535,
        -0.7351994023675701
      ],
      "q": 0.0,
      "scdir": [
        -0.8365294286301372,
        -0.31255607155460047,
        -0.45003024028404787
      ],
      "sclen": 0.0
    },
    {
      "Q": [
        0.0,
        0.0,
        0.0,
        0.0,
        0.0,
        0.0
      ],
      "id": 0,
      "mu": [
        -0.7708404439488764,
        -0.35995055033092455,
        -0.5255859694562235
      ],
      "mulen": 0.0,
      "pos": [
        4.032550535835012,
        10.014965903560213,
        -15.264101123191452
      ],
      "q": 0.0,
      "scdir": [
        -0.7708404439488764,
        -0.35995055033092455,
        -0.5255859694562235
      ],
      "sclen": 0.0
    },
    {
      "Q": [
        0.0,
        0.0,
        -0.0,
        0.0,
        -0.0,
        0.0
      ],
      "id": 0,
      "mu": [
        -0.8121471862891493,
        0.5745533652542723,
        0.10151540906516954
      ],
      "mulen": 0.0,
      "pos": [
        17.555854562383026,
        -5.491465384954353,
        14.21396771772311
      ],
      "q": 0.0,
      "scdir": [
        -0.8121471862891493,
        0.5745533652542723,
        0.10151540906516954
      ],
      "sclen": 0.0
    },
    {
      "Q": [
        0.0,
        0.0,
        0.0,
        0.0,
        0.0,
        0.0
      ],
      "id": 0,
      "mu": [
        -0.7012307976710397,
        0.7121372652893521,
        0.03370287500970559
      ],
      "mulen": 0.0,
      "pos": [
        22.289591522105056,
        -7.641654598336226,
        18.490361448347215
      ],
      "q": 0.0,
      "scdir": [
        -0.7012307976710397,
        0.7121372652893521,
        0.03370287500970559
      ],
      "sclen": 0.0
    },
    {
      "Q": [
        0.0,
        0.0,
        0.0,
        0.0,
        0.0,
        0.0
      ],
      "id": 0,
      "mu": [
        -0.4390801114868208,
        -0.8383726360564919,
        -0.32301699461246125
      ],
      "mulen": 0.0,
      "pos": [
        24.87660795876686,
        -18.091738131080007,
        -11.333931787417239
      ],
      "q": 0.0,
      "scdir": [
        -0.4390801114868208,
        -0.8383726360564919,
        -0.32301699461246125
      ],
      "sclen": 0.0
    },
    {
      "Q": [
        0.0,
        0.0,
        0.0,
        0.0,
        0.0,
        0.0
      ],
      "id": 0,
      "mu": [
        0.58556699686806,
        0.8106230862017685,
        0.001226497304639855
      ],
      "mulen": 0.0,
      "pos": [
        6.127523586298004,
        9.755146684306748,
        -3.6430169211223777
      ],
      "q": 0.0,
      "scdir": [
        0.58556699686806,
        0.8106230862017685,
        0.001226497304639855
      ],
      "sclen": 0.0
    },
    {
      "Q": [
        0.0,
        0.0,
        0.0,
        0.0,
        0.0,
        0.0
      ],
      "id": 0,
      "mu": [
        0.1399583031266269,
        -0.5842341813820624,
        0.7994261033333255
      ],
      "mulen": 0.0,
      "pos": [
        -27.533191163792736,
        29.94746235257731,
        -8.78817636062512
      ],
      "q": 0.0,
      "scdir": [
        0.1399583031266269,
        -0.5842341813820624,
        0.7994261033333255
      ],
      "sclen": 0.0
    },
    {
      "Q": [
        0.0,
        0.0,
        0.0,
        0.0,
        0.0,
        0.0
      ],
      "id": 0,
      "mu": [
        -0.3446977604178094,
        -0.7276200206659449,
        0.5930873118597997
      ],
      "mulen": 0.0,
      "pos": [
        2.718799475407227,
        -21.86971514598384,
        23.9830681106848
      ],
      "q": 0.0,
      "scdir": [
        -0.3446977604178094,
        -0.7276200206659449,
        0.5930873118597997
      ],
      "sclen": 0.0
    },
    {
      "Q": [
        0.0,
        0.0,
        0.0,
        0.0,
        0.0,
        0.0
      ],
      "id": 0,
      "mu": [
        0.8293087201525154,
        0.21359538186234764,
        0.5163565236599447
      ],
      "mulen": 0.0,
      "pos": [
        -12.022112189044233,
        -27.405288408654286,
        -17.06334836737239
      ],
      "q": 0.0,
      "scdir": [
        0.8293087201525154,
        0.21359538186234764,
        0.5163565236599447
      ],
      "sclen": 0.0
    },
    {
      "Q": [
        0.0,
        0.0,
        0.0,
        0.0,
        0.0,
        0.0
      ],
      "id": 0,
      "mu": [
        0.92801597785771,
        0.028720838896904244,
        0.37143163335115914
      ],
      "mulen": 0.0,
      "pos": [
        3.364759879213292,
        -17.038176525791783,
        7.330431362727268
      ],
      "q": 0.0,
      "scdir": [
        0.92801597785771,
        0.028720838896904244,
        0.37143163335115914
      ],
      "sclen": 0.0
    },
    {
      "Q": [
        0.0,
        0.0,
        0.0,
        0.0,
        0.0,
        0.0
      ],
      "id": 0,
      "mu": [
        0.7342759472447331,
        -0.472068484463331,
        0.48784237133991154
      ],
      "mulen": 0.0,
      "pos": [
        -19.709867623880797,
        -15.145680480165662,
        5.898075068523355
      ],
      "q": 0.0,
      "scdir": [
        0.7342759472447331,
        -0.472068484463331,
        0.48784237133991154
      ],
      "sclen": 0.0
    },
    {
      "Q": [
        0.0,
        0.0,
        0.0,
        0.0,
        0.0,
        0.0
      ],
      "id": 0,
      "mu": [
        0.9830737494364987,
        -0.08310759496516079,
        0.16327624085599
      ],
      "mulen": 0.0,
      "pos": [
        -18.975278521538563,
        -17.906413450189497,
        -1.5695136426249832
      ],
      "q": 0.0,
      "scdir": [
        0.9830737494364987,
        -0.08310759496516079,
        0.16327624085599
      ],
      "sclen": 0.0
    },
    {
      "Q": [
        0.0,
        0.0,
        0.0,
        0.0,
        0.0,
        0.0
      ],
      "id": 0,
      "mu": [
        -0.4128705515174559,
        0.15894389883506266,
        0.8968136622024196
      ],
      "mulen": 0.0,
      "pos": [
        4.1391044442945635,
        5.673466349878089,
        24.216906568543067
      ],
      "q": 0.0,
      "scdir": [
        -0.4128705515174559,
        0.15894389883506266,
        0.8968136622024196
      ],
      "sclen": 0.0
    },
    {
      "Q": [
        0.0,
        0.0,
        0.0,
        0.0,
        0.0,
        0.0
      ],
      "id": 0,
      "mu": [
        0.2197981120738557,
        0.8456395254808173,
        -0.4863975564015862
      ],
      "mulen": 0.0,
      "pos": [
        -22.967568912243863,
        -5.5879088581606275,
        25.405066991883164
      ],
      "q": 0.0,
      "scdir": [
        0.2197981120738557,
        0.8456395254808173,
        -0.4863975564015862
      ],
      "sclen": 0.0
    },
    {
      "Q": [
        0.0,
        0.0,
        0.0,
        0.0,
        0.0,
        0.0
      ],
      "id": 0,
      "mu": [
        0.7313119159731876,
        0.6572666883310183,
        -0.18216306422015757
      ],
      "mulen": 0.0,
      "pos": [
        -24.457652521132985,
        -15.967540230389668,
        5.256268245202916
      ],
      "q": 0.0,
      "scdir": [
        0.7313119159731876,
        0.6572666883310183,
        -0.18216306422015757
      ],
      "sclen": 0.0
    },
    {
      "Q": [
        0.0,
        0.0,
        0.0,
        0.0,
        0.0,
        0.0
      ],
      "id": 0,
      "mu": [
        0.12034623762492383,
        0.8788048144210531,
        0.4617563007041402
      ],
      "mulen": 0.0,
      "pos": [
        -9.206905950023192,
        1.5528771007534736,
        -29.3891337518514
      ],
      "q": 0.0,
      "scdir": [
        0.12034623762492383,
        0.8788048144210531,
        0.4617563007041402
      ],
      "sclen": 0.0
    },
    {
      "Q": [
        0.0,
        0.0,
        0.0,
        0.0,
        0.0,
        0.0
      ],
      "id": 0,
      "mu": [
        0.06417476059957139,
        -0.6255641964855972,
        -0.7775288008668075
      ],
      "mulen": 0.0,
      "pos": [
        -15.837089491520956,
        2.3179342077518754,
        21.266393242358234
      ],
      "q": 0.0,
      "scdir": [
        0.06417476059957139,
        -0.6255641964855972,
        -0.7775288008668075
      ],
      "sclen": 0.0
    },
    {
      "Q": [
        0.0,
        0.0,
        0.0,
        0.0,
        0.0,
        0.0
      ],
      "id": 0,
      "mu": [
        0.13563447508746213,
        -0.7730974486635851,
        -0.6196157067390446
      ],
      "mulen": 0.0,
      "pos": [
        -21.783514555341817,
        26.09818577719914,
        13.646062333633376
      ],
      "q": 0.0,
      "scdir": [
        0.13563447508746213,
        -0.7730974486635851,
        -0.6196157067390446
      ],
      "sclen": 0.0
    },
    {
      "Q": [
        0.0,
        0.0,
        0.0,
        0.0,
        0.0,
        0.0
      ],
      "id": 0,
      "mu": [
        0.42887197837507807,
        -0.551594381109328,
        0.7154106966584501
      ],
      "mulen": 0.0,
      "pos": [
        -26.23363945525187,
        10.393970005369669,
        25.827493601383676
      ],
      "q": 0.0,
      "scdir": [
        0.42887197837507807,
        -0.551594381109328,
        0.7154106966584501
      ],
      "sclen": 0.0
    },
    {
      "Q": [
        0.0,
        0.0,
        0.0,
        0.0,
        0.0,
        0.0
      ],
      "id": 0,
      "mu": [
        -0.5834400732305995,
        -0.5441497989020526,
        0.6029085148706662
      ],
      "mulen": 0.0,
      "pos": [
        -7.961681067765532,
        -4.748677862025484,
        23.580389681489528
      ],
      "q": 0.0,
      "scdir": [
        -0.5834400732305995,
        -0.5441497989020526,
        0.6029085148706662
      ],
      "sclen": 0.0
    },
    {
      "Q": [
        0.0,
        0.0,
        0.0,
        0.0,
        0.0,
        0.0
      ],
      "id": 0,
      "mu": [
        0.8661585832721672,
        0.3319090637351345,
        0.3736384375763605
      ],
      "mulen": 0.0,
      "pos": [
        -0.372970641479597,
        -27.981523389019006,
        -15.339763013776643
      ],
      "q": 0.0,
      "scdir": [
        0.8661585832721672,
        0.3319090637351345,
        0.3736384375763605
      ],
      "sclen": 0.0
    },
    {
      "Q": [
        0.0,
        0.0,
        0.0,
        0.0,
        0.0,
        0.0
      ],
      "id": 0,
      "mu": [
        0.9769856541416709,
        -0.09381281941725839,
        0.19156770738920587
      ],
      "mulen": 0.0,
      "pos": [
        28.683557022967122,
        27.63541029743799,
        9.087995616167483
      ],
      "q": 0.0,
      "scdir": [
        0.9769856541416709,
        -0.09381281941725839,
        0.19156770738920587
      ],
      "sclen": 0.0
    },
    {
      "Q": [
        0.0,
        0.0,
        0.0,
        0.0,
        0.0,
        0.0
      ],
      "id": 0,
      "mu": [
        -0.09414207250095902,
        0.710769318354078,
        0.6970970135295208
      ],
      "mulen": 0.0,
      "pos": [
        -2.107638516030068,
        11.987932724442738,
        6.173150657489128
      ],
      "q": 0.0,
      "scdir": [
        -0.09414207250095902,
        0.710769318354078,
        0.6970970135295208
      ],
      "sclen": 0.0
    },
    {
      "Q": [
        0.0,
        0.0,
        0.0,
        0.0,
        0.0,
        0.0
      ],
      "id": 0,
      "mu": [
        -0.025878465506547967,
        0.8491541839091968,
        0.5275106415728489
      ],
      "mulen": 0.0,
      "pos": [
        -26.066489254757858,
        8.2935260958139,
        20.436138614238175
      ],
      "q": 0.0,
      "scdir": [
        -0.025878465506547967,
        0.8491541839091968,
        0.5275106415728489
      ],
      "sclen": 0.0
    },
    {
      "Q": [
        0.0,
        0.0,
        0.0,
        0.0,
        0.0,
        0.0
      ],
      "id": 0,
      "mu": [
        0.5636755247605201,
        -0.5393672921750434,
        -0.625581990563817
      ],
      "mulen": 0.0,
      "pos": [
        -26.895206966199588,
        3.021453996223091,
        16.15858416542742
      ],
      "q": 0.0,
      "scdir": [
        0.5636755247605201,
        -0.5393672921750434,
        -0.625581990563817
      ],
      "sclen": 0.0
    },
    {
      "Q": [
        0.0,
        0.0,
        0.0,
        0.0,
        0.0,
        0.0
      ],
      "id": 0,
      "mu": [
        -0.3709449387008886,
        -0.41876298873572515,
        0.8288771994194457
      ],
      "mulen": 0.0,
      "pos": [
        8.437145039407833,
        -16.253240706140254,
        14.150909791231001
      ],
      "q": 0.0,
      "scdir": [
        -0.3709449387008886,
        -0.41876298873572515,
        0.8288771994194457
      ],
      "sclen": 0.0
    },
    {
      "Q": [
        0.0,
        0.0,
        0.0,
        0.0,
        0.0,
        0.0
      ],
      "id": 0,
      "mu": [
        0.0769389724544638,
        0.002932657928989002,
        -0.997031490994677
      ],
      "mulen": 0.0,
      "pos": [
        8.953633112717725,
        -19.50484649631377,
        0.9573976597395735
      ],
      "q": 0.0,
      "scdir": [
        0.0769389724544638,
        0.002932657928989002,
        -0.997031490994677
      ],
      "sclen": 0.0
    },
    {
      "Q": [
        0.0,
        0.0,
        0.0,
        0.0,
        0.0,
        0.0
      ],
      "id": 0,
      "mu": [
        0.15792502957435667,
        0.617431262561217,
        0.7706090585025032
      ],
      "mulen": 0.0,
      "pos": [
        -16.77328785630495,
        -14.328761989403077,
        0.9090753993694918
      ],
      "q": 0.0,
      "scdir": [
        0.15792502957435667,
        0.617431262561217,
        0.7706090585025032
      ],
      "sclen": 0.0
    },
    {
      "Q": [
        0.0,
        0.0,
        0.0,
        0.0,
        0.0,
        0.0
      ],
      "id": 0,
      "mu": [
        -0.6374697483994993,
        -0.7583787337906471,
        -0.13599270572219946
      ],
      "mulen": 0.0,
      "pos": [
        -5.603858992592292,
        -6.452912401055528,
        7.874672440116816
      ],
      "q": 0.0,
      "scdir": [
        -0.6374697483994993,
        -0.7583787337906471,
        -0.13599270572219946
      ],
      "sclen": 0.0
    },
    {
      "Q": [
        0.0,
        0.0,
        0.0,
        0.0,
        0.0,
        0.0
      ],
      "id": 0,
      "mu": [
        0.7654932155556241,
        -0.4732778432884637,
        -0.4359222637014193
      ],
      "mulen": 0.0,
      "pos": [
        -13.561736896971105,
        17.88385410962254,
        -28.493793459987515
      ],
      "q": 0.0,
      "scdir": [
        0.7654932155556241,
        -0.4732778432884637,
        -0.4359222637014193
      ],
      "sclen": 0.0
    },
    {
      "Q": [
        0.0,
        0.0,
        0.0,
        0.0,
        0.0,
        0.0
      ],
      "id": 0,
      "mu": [
        0.3514693193048535,
        0.8981624062981339,
        0.26414694679318523
      ],
      "mulen": 0.0,
      "pos": [
        -14.609988200093632,
        26.86603263526983,
        25.399701451575666
      ],
      "q": 0.0,
      "scdir": [
        0.3514693193048535,
        0.8981624062981339,
        0.26414694679318523
      ],
      "sclen": 0.0
    }
  ],
  "reactionlist": [
    {
      " = A": {
        "neutral": false,
        "pK": -0.0,
        "pK'": 0.6989700043360187,
        "products": [
          "A"
        ],
        "reactants": []
      }
    }
  ]
}